Level,Finite field,Genus,Method,Class number,Time,Timeout
"11",17,1,Linear algebra,20,0.100,false
"11",3,1,Linear algebra,5,0.120,false
"11",3,1,Magma,5,0.040,false
"11",31,1,Linear algebra,25,0.150,false
"11",97,1,Linear algebra,105,0.160,false
"11",7,1,Linear algebra,10,0.150,false
"11",17,1,Magma,20,0.090,false
"11",59,1,Linear algebra,55,0.190,false
"11",2,0,Linear algebra,1,0.110,false
"11",7,1,Magma,10,0.060,false
"11",31,1,Magma,25,0.110,false
"11",2,0,Magma,1,0.040,false
"14",3,1,Linear algebra,6,0.120,false
"14",31,1,Linear algebra,36,0.140,false
"14",3,1,Magma,6,0.040,false
"11",59,1,Magma,55,0.200,false
"14",31,1,Magma,36,0.100,false
"14",17,1,Linear algebra,12,0.220,false
"14",17,1,Magma,12,0.060,false
"11",97,1,Magma,105,0.410,false
"14",59,1,Linear algebra,66,0.090,false
"15",2,1,Linear algebra,4,0.110,false
"14",97,1,Linear algebra,108,0.230,false
"15",2,1,Magma,4,0.050,false
"15",7,1,Linear algebra,8,0.170,false
"15",17,1,Linear algebra,16,0.200,false
"14",59,1,Magma,66,0.250,false
"15",31,1,Linear algebra,32,0.140,false
"15",7,1,Magma,8,0.070,false
"17",3,1,Linear algebra,4,0.100,false
"17",2,0,Linear algebra,1,0.070,false
"15",59,1,Linear algebra,64,0.140,false
"17",3,1,Magma,4,0.040,false
"15",17,1,Magma,16,0.070,false
"17",2,0,Magma,1,0.040,false
"15",31,1,Magma,32,0.100,false
"15",97,1,Linear algebra,96,0.200,false
"15",59,1,Magma,64,0.220,false
"14",97,1,Magma,108,0.420,false
"17",31,1,Linear algebra,28,0.090,false
"17",7,1,Linear algebra,4,0.180,false
"17",59,1,Linear algebra,72,0.090,false
"17",7,1,Magma,4,0.040,false
"19",7,1,Linear algebra,9,0.090,false
"15",97,1,Magma,96,0.380,false
"19",3,1,Linear algebra,6,0.120,false
"17",31,1,Magma,28,0.130,false
"19",2,0,Linear algebra,1,0.110,false
"19",3,1,Magma,6,0.040,false
"19",7,1,Magma,9,0.050,false
"19",2,0,Magma,1,0.050,false
"17",97,1,Linear algebra,96,0.250,false
"17",59,1,Magma,72,0.240,false
"19",17,1,Linear algebra,21,0.110,false
"19",17,1,Magma,21,0.080,false
"19",31,1,Linear algebra,36,0.140,false
"19",31,1,Magma,36,0.100,false
"19",59,1,Linear algebra,66,0.140,false
"17",97,1,Magma,96,0.420,false
"19",97,1,Linear algebra,90,0.200,false
"19",59,1,Magma,66,0.190,false
"20",17,1,Linear algebra,24,0.080,false
"20",3,1,Linear algebra,6,0.100,false
"20",3,1,Magma,6,0.040,false
"20",17,1,Magma,24,0.090,false
"20",7,1,Linear algebra,6,0.200,false
"20",31,1,Linear algebra,36,0.230,false
"20",7,1,Magma,6,0.040,false
"20",59,1,Linear algebra,48,0.130,false
"19",97,1,Magma,90,0.450,false
"20",31,1,Magma,36,0.120,false
"21",2,1,Linear algebra,4,0.120,false
"21",2,1,Magma,4,0.040,false
"20",97,1,Linear algebra,96,0.230,false
"20",59,1,Magma,48,0.210,false
"21",17,1,Linear algebra,24,0.140,false
"21",17,1,Magma,24,0.100,false
"21",31,1,Linear algebra,32,0.100,false
"22",3,2,Linear algebra,25,0.110,false
"21",31,1,Magma,32,0.110,false
"21",59,1,Linear algebra,48,0.130,false
"22",17,2,Linear algebra,400,0.110,false
"22",3,2,Magma,25,0.100,false
"22",7,2,Linear algebra,100,0.130,false
"20",97,1,Magma,96,0.360,false
"21",97,1,Linear algebra,80,0.180,false
"22",7,2,Magma,100,0.100,false
"21",59,1,Magma,48,0.160,false
"22",17,2,Magma,400,0.170,false
"22",59,2,Linear algebra,3025,0.200,false
"21",97,1,Magma,80,0.160,false
"23",2,2,Linear algebra,11,0.170,false
"22",97,2,Linear algebra,11025,0.320,false
"23",3,2,Linear algebra,11,0.180,false
"23",7,2,Linear algebra,44,0.180,false
"23",2,2,Magma,11,0.070,false
"23",3,2,Magma,11,0.080,false
"23",59,2,Linear algebra,3344,0.170,false
"23",7,2,Magma,44,0.090,false
"23",31,2,Linear algebra,979,0.120,false
"22",59,2,Magma,3025,0.400,false
"23",17,2,Linear algebra,220,0.260,false
"23",31,2,Magma,979,0.210,false
"23",17,2,Magma,220,0.170,false
"23",97,2,Linear algebra,7524,0.290,false
"23",59,2,Magma,3344,0.470,false
"22",97,2,Magma,11025,0.710,false
"22",31,2,Linear algebra,625,1.250,false
"26",3,2,Linear algebra,21,0.120,false
"26",3,2,Magma,21,0.080,false
"22",31,2,Magma,625,0.170,false
"23",97,2,Magma,7524,0.550,false
"24",7,1,Linear algebra,8,0.160,false
"24",31,1,Linear algebra,24,0.110,false
"24",59,1,Linear algebra,56,0.140,false
"24",7,1,Magma,8,0.070,false
"26",7,2,Linear algebra,63,0.180,false
"26",17,2,Linear algebra,441,0.110,false
"24",31,1,Magma,24,0.100,false
"26",7,2,Magma,63,0.100,false
"24",17,1,Linear algebra,16,0.280,false
"24",59,1,Magma,56,0.220,false
"24",17,1,Magma,16,0.080,false
"26",17,2,Magma,441,0.150,false
"26",31,2,Linear algebra,1008,0.160,false
"24",97,1,Linear algebra,96,0.160,false
"26",59,2,Linear algebra,4620,0.190,false
"26",97,2,Linear algebra,9072,0.280,false
"26",31,2,Magma,1008,0.220,false
"27",2,1,Linear algebra,3,0.090,false
"27",2,1,Magma,3,0.040,false
"24",97,1,Magma,96,0.440,false
"26",59,2,Magma,4620,0.430,false
"27",7,1,Linear algebra,9,0.110,false
"27",31,1,Linear algebra,36,0.050,false
"27",7,1,Magma,9,0.060,false
"27",31,1,Magma,36,0.090,false
"26",97,2,Magma,9072,0.520,false
"27",17,1,Linear algebra,18,0.250,false
"27",97,1,Linear algebra,117,0.180,false
"28",3,2,Linear algebra,36,0.170,false
"27",17,1,Magma,18,0.060,false
"28",3,2,Magma,36,0.090,false
"27",59,1,Linear algebra,60,0.200,false
"28",59,2,Linear algebra,4356,0.140,false
"28",31,2,Linear algebra,1296,0.180,false
"27",59,1,Magma,60,0.220,false
"29",2,2,Linear algebra,14,0.140,false
"28",17,2,Linear algebra,144,0.270,false
"29",3,2,Linear algebra,7,0.170,false
"29",2,2,Magma,14,0.090,false
"29",3,2,Magma,7,0.070,false
"28",31,2,Magma,1296,0.220,false
"29",17,2,Linear algebra,392,0.080,false
"29",7,2,Linear algebra,56,0.150,false
"28",97,2,Linear algebra,11664,0.300,false
"27",97,1,Magma,117,0.620,false
"28",59,2,Magma,4356,0.340,false
"29",7,2,Magma,56,0.140,false
"29",17,2,Magma,392,0.140,false
"29",59,2,Linear algebra,3332,0.120,false
"29",31,2,Linear algebra,791,0.230,false
"28",17,2,Magma,144,0.540,false
"30",7,3,Linear algebra,768,0.140,false
"29",31,2,Magma,791,0.180,false
"29",97,2,Linear algebra,10332,0.300,false
"28",97,2,Magma,11664,0.630,false
"29",59,2,Magma,3332,0.320,false
"30",7,3,Magma,768,0.160,false
"30",59,3,Linear algebra,245760,0.190,false
"30",17,3,Linear algebra,3072,0.370,false
"31",2,2,Linear algebra,5,0.140,false
"31",2,2,Magma,5,0.050,false
"30",97,3,Linear algebra,884736,0.390,false
"30",31,3,Linear algebra,24576,0.510,false
"31",3,2,Linear algebra,20,0.200,false
"31",3,2,Magma,20,0.070,false
"31",59,2,Linear algebra,3595,0.160,false
"31",7,2,Linear algebra,95,0.250,false
"30",59,3,Magma,245760,0.550,false
"29",97,2,Magma,10332,0.720,false
"31",7,2,Magma,95,0.080,false
"31",17,2,Linear algebra,220,0.350,false
"30",31,3,Magma,24576,0.350,false
"31",59,2,Magma,3595,0.310,false
"30",17,3,Magma,3072,0.650,false
"31",97,2,Linear algebra,10945,0.300,false
"31",17,2,Magma,220,0.150,false
"30",97,3,Magma,884736,0.830,false
"33",2,3,Linear algebra,50,0.130,false
"32",3,1,Linear algebra,4,0.100,false
"33",7,3,Linear algebra,400,0.180,false
"32",3,1,Magma,4,0.040,false
"33",2,3,Magma,50,0.090,false
"32",7,1,Linear algebra,8,0.160,false
"31",97,2,Magma,10945,0.720,false
"32",31,1,Linear algebra,32,0.130,false
"33",7,3,Magma,400,0.220,false
"32",7,1,Magma,8,0.060,false
"32",59,1,Linear algebra,60,0.120,false
"32",17,1,Linear algebra,16,0.230,false
"32",31,1,Magma,32,0.100,false
"32",17,1,Magma,16,0.070,false
"33",17,3,Linear algebra,8000,0.170,false
"32",97,1,Linear algebra,80,0.180,false
"32",59,1,Magma,60,0.200,false
"33",17,3,Magma,8000,0.220,false
"32",97,1,Magma,80,0.180,false
"33",59,3,Linear algebra,193600,0.230,false
"34",3,3,Linear algebra,96,0.110,false
"33",31,3,Linear algebra,25000,0.310,false
"34",3,3,Magma,96,0.090,false
"34",7,3,Linear algebra,192,0.130,false
"34",7,3,Magma,192,0.140,false
"33",97,3,Linear algebra,1058400,0.400,false
"33",31,3,Magma,25000,0.280,false
"34",31,3,Linear algebra,28224,0.240,false
"35",2,3,Linear algebra,24,0.150,false
"35",3,3,Linear algebra,48,0.150,false
"35",2,3,Magma,24,0.060,false
"35",3,3,Magma,48,0.120,false
"34",59,3,Linear algebra,311040,0.470,false
"33",59,3,Magma,193600,0.560,false
"34",97,3,Linear algebra,774144,0.610,false
"35",31,3,Linear algebra,36864,0.180,false
"35",59,3,Linear algebra,245760,0.230,false
"33",97,3,Magma,1058400,0.810,false
"35",31,3,Magma,36864,0.280,false
"35",17,3,Linear algebra,6240,0.690,false
"35",97,3,Linear algebra,1029600,0.390,false
"35",17,3,Magma,6240,0.190,false
"34",31,3,Magma,28224,1.120,false
"35",59,3,Magma,245760,0.650,false
"37",2,2,Linear algebra,15,0.090,false
"37",2,2,Magma,15,0.090,false
"35",97,3,Magma,1029600,0.820,false
"37",3,2,Linear algebra,21,0.170,false
"37",3,2,Magma,21,0.100,false
"34",59,3,Magma,311040,1.760,false
"37",7,2,Linear algebra,81,0.270,false
"37",17,2,Linear algebra,216,0.280,false
"37",7,2,Magma,81,0.100,false
"37",17,2,Magma,216,0.120,false
"37",31,2,Linear algebra,1296,0.270,false
"37",59,2,Linear algebra,2496,0.150,false
"36",7,1,Linear algebra,12,0.080,false
"34",97,3,Magma,774144,2.210,false
"36",7,1,Magma,12,0.060,false
"37",31,2,Magma,1296,0.220,false
"37",59,2,Magma,2496,0.230,false
"36",17,1,Linear algebra,18,0.220,false
"37",97,2,Linear algebra,8460,0.260,false
"36",17,1,Magma,18,0.060,false
"38",3,4,Linear algebra,540,0.210,false
"38",3,4,Magma,540,0.130,false
"36",31,1,Linear algebra,36,0.110,false
"36",31,1,Magma,36,0.120,false
"36",59,1,Linear algebra,60,0.130,false
"36",97,1,Linear algebra,84,0.090,false
"37",97,2,Magma,8460,0.490,false
"38",7,4,Linear algebra,3645,0.320,false
"36",59,1,Magma,60,0.200,false
"36",97,1,Magma,84,0.200,false
"38",31,4,Linear algebra,1866240,0.540,false
"39",2,3,Linear algebra,28,0.140,false
"38",7,4,Magma,3645,0.370,false
"39",7,3,Linear algebra,672,0.180,false
"39",2,3,Magma,28,0.120,false
"39",7,3,Magma,672,0.120,false
"38",17,4,Linear algebra,99225,0.990,false
"39",17,3,Linear algebra,3584,0.330,false
"39",31,3,Linear algebra,36064,0.190,false
"39",59,3,Linear algebra,159936,0.300,false
"39",31,3,Magma,36064,0.270,false
"40",3,3,Linear algebra,144,0.190,false
"39",97,3,Linear algebra,877184,0.380,false
"38",31,4,Magma,1866240,0.930,false
"40",3,3,Magma,144,0.110,false
"40",7,3,Linear algebra,432,0.180,false
"39",17,3,Magma,3584,0.590,false
"40",7,3,Magma,432,0.160,false
"40",17,3,Linear algebra,9216,0.110,false
"39",59,3,Magma,159936,0.710,false
"38",59,4,Linear algebra,9997020,2.060,false
"40",17,3,Magma,9216,0.250,false
"40",31,3,Linear algebra,51840,0.170,false
"41",2,3,Linear algebra,20,0.120,false
"41",2,3,Magma,20,0.070,false
"40",59,3,Linear algebra,147456,0.260,false
"39",97,3,Magma,877184,0.750,false
"41",3,3,Linear algebra,50,0.150,false
"40",97,3,Linear algebra,1032192,0.350,false
"40",31,3,Magma,51840,0.330,false
"41",3,3,Magma,50,0.090,false
"38",97,4,Linear algebra,87480000,2.310,false
"41",17,3,Linear algebra,8000,0.190,false
"38",17,4,Magma,99225,1.940,false
"41",17,3,Magma,8000,0.240,false
"40",59,3,Magma,147456,0.770,false
"41",59,3,Linear algebra,243680,0.230,false
"40",97,3,Magma,1032192,0.750,false
"41",97,3,Linear algebra,878720,0.350,false
"41",59,3,Magma,243680,0.540,false
"41",97,3,Magma,878720,0.760,false
"41",31,3,Linear algebra,18400,1.410,false
"43",7,3,Linear algebra,784,0.140,false
"43",3,3,Linear algebra,84,0.230,false
"43",3,3,Magma,84,0.080,false
"43",7,3,Magma,784,0.160,false
"42",17,5,Linear algebra,1327104,1.100,false
"43",31,3,Linear algebra,40425,0.190,false
"43",17,3,Linear algebra,3381,0.420,false
"43",31,3,Magma,40425,0.800,false
"43",59,3,Linear algebra,276192,0.410,false
"43",17,3,Magma,3381,1.460,false
"41",31,3,Magma,18400,3.130,false
"43",97,3,Linear algebra,891163,0.600,false
"44",3,4,Linear algebra,375,0.160,false
"44",3,4,Magma,375,0.140,false
"42",97,5,Linear algebra,8360755200,4.510,false
"42",31,5,Linear algebra,42467328,5.120,false
"44",7,4,Linear algebra,6000,0.320,false
"43",59,3,Magma,276192,2.050,false
"38",97,4,Magma,87480000,6.190,false
"44",7,4,Magma,6000,0.390,false
"42",17,5,Magma,1327104,4.640,false
"44",17,4,Linear algebra,96000,1.120,false
"44",97,4,Linear algebra,121550625,1.860,false
"44",31,4,Linear algebra,421875,3.320,false
"44",17,4,Magma,96000,2.670,false
"43",97,3,Magma,891163,5.360,false
"45",2,3,Linear algebra,32,0.090,false
"45",2,3,Magma,32,0.060,false
"45",7,3,Linear algebra,512,0.190,false
"45",7,3,Magma,512,0.220,false
"45",17,3,Linear algebra,5120,0.560,false
"45",31,3,Linear algebra,32768,0.190,false
"45",31,3,Magma,32768,0.890,false
"45",17,3,Magma,5120,1.540,false
"45",59,3,Linear algebra,229376,0.370,false
"45",97,3,Linear algebra,884736,0.730,false
"44",31,4,Magma,421875,4.820,false
"45",59,3,Magma,229376,1.310,false
"46",3,5,Linear algebra,484,0.220,false
"46",7,5,Linear algebra,23232,0.230,false
"46",3,5,Magma,484,0.180,false
"46",7,5,Magma,23232,0.350,false
"46",17,5,Linear algebra,968000,0.720,false
"44",97,4,Magma,121550625,8.340,false
"45",97,3,Magma,884736,4.060,false
"46",31,5,Linear algebra,30670112,2.420,false
"42",31,5,Magma,42467328,12.680,false
"46",17,5,Magma,968000,2.160,false
"47",2,4,Linear algebra,23,0.100,false
"47",2,4,Magma,23,0.130,false
"47",3,4,Linear algebra,161,0.180,false
"47",3,4,Magma,161,0.140,false
"42",59,5,Linear algebra,562028544,18.900,false
"47",7,4,Linear algebra,1909,0.230,false
"47",7,4,Magma,1909,0.250,false
"47",17,4,Linear algebra,64653,0.430,false
"47",31,4,Linear algebra,1308976,0.630,false
"47",31,4,Magma,1308976,0.510,false
"47",17,4,Magma,64653,1.500,false
"47",59,4,Linear algebra,11723721,1.360,false
"47",59,4,Magma,11723721,1.420,false
"48",7,3,Linear algebra,512,0.240,false
"48",7,3,Magma,512,0.290,false
"47",97,4,Linear algebra,65865997,4.150,false
"48",17,3,Linear algebra,4096,0.450,false
"46",31,5,Magma,30670112,8.670,false
"48",17,3,Magma,4096,0.690,false
"44",59,4,Linear algebra,9483375,20.990,false
"48",59,3,Linear algebra,200704,0.180,false
"48",59,3,Magma,200704,0.580,false
"46",59,5,Linear algebra,536752128,11.420,false
"48",97,3,Linear algebra,884736,0.360,false
"48",97,3,Magma,884736,0.920,false
"47",97,4,Magma,65865997,5.050,false
"49",2,1,Linear algebra,2,0.120,false
"49",2,1,Magma,2,0.060,false
"49",3,1,Linear algebra,4,0.100,false
"49",3,1,Magma,4,0.040,false
"49",17,1,Linear algebra,18,0.240,false
"49",17,1,Magma,18,0.070,false
"49",31,1,Linear algebra,32,0.120,false
"49",31,1,Magma,32,0.120,false
"49",59,1,Linear algebra,60,0.080,false
"49",59,1,Magma,60,0.230,false
"50",3,2,Linear algebra,15,0.150,false
"50",3,2,Magma,15,0.110,false
"49",97,1,Linear algebra,98,0.210,false
"50",7,2,Linear algebra,60,0.230,false
"49",97,1,Magma,98,0.420,false
"50",7,2,Magma,60,0.120,false
"50",17,2,Linear algebra,315,0.310,false
"50",31,2,Linear algebra,900,0.280,false
"50",17,2,Magma,315,0.160,false
"50",31,2,Magma,900,0.240,false
"50",59,2,Linear algebra,3600,0.200,false
"50",97,2,Linear algebra,9600,0.220,false
"50",59,2,Magma,3600,0.480,false
"50",97,2,Magma,9600,0.660,false
"51",2,5,Linear algebra,384,0.260,false
"51",2,5,Magma,384,0.140,false
"51",7,5,Linear algebra,12288,0.630,false
"51",7,5,Magma,12288,0.560,false
"51",59,5,Linear algebra,904753152,1.270,false
"51",31,5,Linear algebra,25213440,4.830,false
"51",31,5,Magma,25213440,20.340,false
"44",59,4,Magma,9483375,38.100,false
"52",3,5,Linear algebra,1764,0.290,false
"52",3,5,Magma,1764,0.280,false
"52",7,5,Linear algebra,39690,0.480,false
"51",97,5,Linear algebra,11565268992,2.980,false
"52",7,5,Magma,39690,0.520,false
"52",17,5,Linear algebra,2333772,1.290,false
"52",17,5,Magma,2333772,3.450,false
"52",31,5,Linear algebra,22353408,5.300,false
"38",59,4,Magma,9997020,79.840,false
"46",97,5,Linear algebra,5208172992,61.860,false
"52",59,5,Linear algebra,1494108000,1.760,false
"52",59,5,Magma,1494108000,9.000,false
"52",31,5,Magma,22353408,16.120,false
"53",2,4,Linear algebra,104,0.130,false
"46",59,5,Magma,536752128,66.780,false
"53",2,4,Magma,104,0.090,false
"53",3,4,Linear algebra,91,0.220,false
"53",7,4,Linear algebra,3120,0.260,false
"53",3,4,Magma,91,0.220,false
"53",7,4,Magma,3120,0.260,false
"53",17,4,Linear algebra,154245,0.330,false
"53",17,4,Magma,154245,1.730,false
"51",97,5,Magma,11565268992,32.950,false
"53",31,4,Linear algebra,910000,3.750,false
"53",59,4,Linear algebra,12734800,1.590,false
"52",97,5,Linear algebra,7900913664,10.580,false
"53",97,4,Linear algebra,90949625,2.190,false
"53",31,4,Magma,910000,8.990,false
"54",7,4,Linear algebra,6561,0.200,false
"54",7,4,Magma,6561,0.270,false
"54",17,4,Linear algebra,104976,0.880,false
"54",17,4,Magma,104976,2.060,false
"54",31,4,Linear algebra,944784,2.930,false
"54",31,4,Magma,944784,7.840,false
"53",59,4,Magma,12734800,24.990,false
"54",59,4,Linear algebra,12441600,1.120,false
"54",97,4,Linear algebra,134165889,1.230,false
"54",97,4,Magma,134165889,2.210,false
"55",2,5,Linear algebra,100,0.130,false
"55",2,5,Magma,100,0.140,false
"55",3,5,Linear algebra,800,0.230,false
"55",3,5,Magma,800,0.360,false
"55",7,5,Linear algebra,80000,0.460,false
"55",7,5,Magma,80000,0.690,false
"54",59,4,Magma,12441600,8.120,false
"55",17,5,Linear algebra,902400,1.710,false
"55",17,5,Magma,902400,2.770,false
"55",31,5,Linear algebra,25600000,4.660,false
"51",59,5,Magma,904753152,100.040,false
"55",97,5,Linear algebra,9670953600,3.800,false
"55",31,5,Magma,25600000,14.050,false
"53",97,4,Magma,90949625,51.560,false
"56",3,5,Linear algebra,1728,0.310,false
"56",3,5,Magma,1728,0.290,false
"56",17,5,Linear algebra,829440,1.210,false
"55",59,5,Linear algebra,688441600,20.050,false
"56",17,5,Magma,829440,3.370,false
"56",31,5,Linear algebra,31352832,4.160,false
"56",59,5,Linear algebra,931487040,2.130,false
"56",31,5,Magma,31352832,12.640,false
"56",97,5,Linear algebra,13101004800,3.210,false
"42",59,5,Magma,562028544,159.880,false
"57",2,5,Linear algebra,450,0.250,false
"57",2,5,Magma,450,0.160,false
"57",7,5,Linear algebra,42120,0.440,false
"57",7,5,Magma,42120,0.600,false
"57",17,5,Linear algebra,3016440,1.380,false
"57",17,5,Magma,3016440,4.090,false
"57",31,5,Linear algebra,35458560,5.820,false
"57",31,5,Magma,35458560,23.380,false
"56",97,5,Magma,13101004800,44.000,false
"57",59,5,Linear algebra,1279618560,2.570,false
"57",59,5,Magma,1279618560,13.160,false
"57",97,5,Linear algebra,7698240000,13.590,false
"58",3,6,Linear algebra,1715,2.140,false
"58",3,6,Magma,1715,2.170,false
"58",7,6,Linear algebra,313600,1.140,false
"58",7,6,Magma,313600,5.320,false
"58",17,6,Linear algebra,33806080,4.830,false
"58",17,6,Magma,33806080,12.920,false
"56",59,5,Magma,931487040,118.460,false
"58",31,6,Linear algebra,635066215,17.030,false
"42",97,5,Magma,8360755200,301.990,false
"52",97,5,Magma,7900913664,213.070,false
"59",2,5,Linear algebra,58,0.130,false
"59",2,5,Magma,58,0.110,false
"59",3,5,Linear algebra,899,0.180,false
"59",3,5,Magma,899,0.190,false
"59",7,5,Linear algebra,19169,0.270,false
"59",7,5,Magma,19169,0.350,false
"59",17,5,Linear algebra,1710304,0.650,false
"59",17,5,Magma,1710304,2.220,false
"59",31,5,Linear algebra,29851904,2.190,false
"55",59,5,Magma,688441600,171.510,false
"59",31,5,Magma,29851904,11.460,false
"59",97,5,Linear algebra,11119325696,3.860,false
"60",7,7,Linear algebra,2654208,0.470,false
"60",7,7,Magma,2654208,1.360,false
"59",97,5,Magma,11119325696,4.990,false
"60",17,7,Linear algebra,339738624,2.930,false
"55",97,5,Magma,9670953600,194.710,false
"58",97,6,Linear algebra,1110202329600,38.550,false
"58",59,6,Linear algebra,42632540160,65.450,false
"60",17,7,Magma,339738624,9.620,false
"60",31,7,Linear algebra,24461180928,11.560,false
"60",59,7,Linear algebra,2174327193600,56.490,false
"60",31,7,Magma,24461180928,48.740,false
"61",2,4,Linear algebra,40,0.150,false
"61",2,4,Magma,40,0.110,false
"61",3,4,Linear algebra,120,0.280,false
"61",3,4,Magma,120,0.360,false
"61",7,4,Linear algebra,4865,0.660,false
"61",7,4,Magma,4865,0.450,false
"61",17,4,Linear algebra,88760,1.450,false
"61",17,4,Magma,88760,2.200,false
"61",31,4,Linear algebra,1040000,0.850,false
"61",31,4,Magma,1040000,9.380,false
"61",59,4,Linear algebra,6381885,19.980,false
"58",31,6,Magma,635066215,160.650,false
"61",97,4,Linear algebra,93506560,2.430,false
"61",97,4,Magma,93506560,6.180,false
"62",3,7,Linear algebra,9600,0.630,false
"62",3,7,Magma,9600,1.130,false
"62",7,7,Linear algebra,2599200,0.650,false
"62",7,7,Magma,2599200,0.910,false
"62",17,7,Linear algebra,362419200,2.970,false
"62",17,7,Magma,362419200,12.430,false
"61",59,4,Magma,6381885,86.600,false
"62",59,7,Linear algebra,4042221451200,54.800,false
"60",97,7,Linear algebra,75144747810816,195.090,false
"46",97,5,Magma,5208172992,474.430,false
"63",2,5,Linear algebra,192,0.390,false
"63",2,5,Magma,192,0.240,false
"63",17,5,Linear algebra,2156544,1.210,false
"63",17,5,Magma,2156544,3.480,false
"63",31,5,Linear algebra,42467328,5.680,false
"63",31,5,Magma,42467328,17.510,false
"62",97,7,Linear algebra,104743187683200,63.680,false
"63",59,5,Linear algebra,589234176,23.320,false
"58",59,6,Magma,42632540160,362.450,false
"63",59,5,Magma,589234176,206.930,false
"64",3,3,Linear algebra,64,0.080,false
"64",3,3,Magma,64,0.140,false
"64",7,3,Linear algebra,512,0.170,false
"64",7,3,Magma,512,0.240,false
"64",17,3,Linear algebra,4096,0.520,false
"64",17,3,Magma,4096,1.550,false
"64",31,3,Linear algebra,32768,0.270,false
"64",31,3,Magma,32768,0.770,false
"64",59,3,Linear algebra,216000,0.340,false
"64",59,3,Magma,216000,2.330,false
"64",97,3,Linear algebra,512000,0.760,false
"64",97,3,Magma,512000,13.580,false
"65",2,5,Linear algebra,336,0.440,false
"65",2,5,Magma,336,0.550,false
"65",3,5,Linear algebra,504,0.480,false
"65",3,5,Magma,504,0.390,false
"65",7,5,Linear algebra,12096,0.350,false
"65",7,5,Magma,12096,0.530,false
"65",17,5,Linear algebra,1956864,1.850,false
"65",17,5,Magma,1956864,4.000,false
"65",31,5,Linear algebra,19400472,5.070,false
"62",59,7,Magma,4042221451200,334.650,false
"65",31,5,Magma,19400472,21.280,false
"65",59,5,Linear algebra,598112424,19.850,false
"65",97,5,Linear algebra,9186508800,4.970,false
"65",59,5,Magma,598112424,105.350,false
"66",7,9,Linear algebra,115200000,10.310,false
"66",7,9,Magma,115200000,22.830,false
"66",17,9,Linear algebra,491520000000,4.740,false
"65",97,5,Magma,9186508800,156.630,false
"66",17,9,Magma,491520000000,13.670,false
"63",97,5,Linear algebra,3612672000,345.130,false
"58",97,6,Magma,1110202329600,742.030,false
"66",31,9,Linear algebra,19200000000000,78.100,false
"57",97,5,Magma,7698240000,1125.620,false
"67",2,5,Linear algebra,209,0.360,false
"67",2,5,Magma,209,0.250,false
"67",3,5,Linear algebra,1914,0.360,false
"67",3,5,Magma,1914,0.240,false
"67",7,5,Linear algebra,33550,0.750,false
"67",7,5,Magma,33550,0.970,false
"67",17,5,Linear algebra,1438800,2.620,false
"67",17,5,Magma,1438800,6.250,false
"67",31,5,Linear algebra,44777502,7.740,false
"66",59,9,Linear algebra,6476709888000000,372.100,false
"67",31,5,Magma,44777502,38.670,false
"67",59,5,Linear algebra,647806896,49.730,false
"67",59,5,Magma,647806896,85.580,false
"67",97,5,Linear algebra,8645561078,15.590,false
"63",97,5,Magma,3612672000,582.010,false
"68",3,7,Linear algebra,13824,0.610,false
"68",3,7,Magma,13824,1.070,false
"68",7,7,Linear algebra,718848,1.400,false
"68",7,7,Magma,718848,2.220,false
"68",31,7,Linear algebra,30213679104,10.560,false
"68",31,7,Magma,30213679104,21.690,false
"68",59,7,Linear algebra,3902083891200,34.290,false
"68",59,7,Magma,3902083891200,77.670,false
"67",97,5,Magma,8645561078,402.420,false
"69",2,7,Linear algebra,968,0.500,false
"69",2,7,Magma,968,0.620,false
"69",7,7,Linear algebra,851840,0.730,false
"69",7,7,Magma,851840,2.760,false
"69",17,7,Linear algebra,355062400,3.440,false
"69",17,7,Magma,355062400,10.670,false
"69",31,7,Linear algebra,30486091328,13.960,false
"66",97,9,Linear algebra,1053894094848000000,965.830,false
"69",31,7,Magma,30486091328,56.200,false
"66",31,9,Magma,19200000000000,998.560,false
"69",59,7,Linear algebra,2460471754752,54.910,false
"68",97,7,Linear algebra,57233048076288,454.850,false
"69",59,7,Magma,2460471754752,397.070,false
"70",3,9,Linear algebra,331776,4.970,false
"70",3,9,Magma,331776,8.710,false
"69",97,7,Linear algebra,53900514505728,439.690,false
"70",17,9,Linear algebra,89712230400,44.810,false
"70",17,9,Magma,89712230400,374.980,false
"70",31,9,Linear algebra,42268920643584,83.240,false
"70",31,9,Magma,42268920643584,238.700,false
"41",7,3,Linear algebra,,3600.490,true
"41",7,3,Magma,190,0.310,false
"70",59,9,Linear algebra,17890364148940800,331.200,false
"48",31,3,Linear algebra,,3600.130,true
"48",31,3,Magma,23040,0.550,false
"71",2,6,Linear algebra,315,0.130,false
"71",2,6,Magma,315,0.190,false
"71",3,6,Linear algebra,1575,0.250,false
"71",3,6,Magma,1575,0.260,false
"71",7,6,Linear algebra,78400,0.670,false
"71",7,6,Magma,78400,1.200,false
"71",17,6,Linear algebra,28929600,0.930,false
"71",17,6,Magma,28929600,3.270,false
"71",31,6,Linear algebra,847347200,3.390,false
"71",31,6,Magma,847347200,25.960,false
"71",59,6,Linear algebra,69366122560,11.200,false
"71",59,6,Magma,69366122560,7.930,false
"71",97,6,Linear algebra,668916158400,264.100,false
"60",59,7,Magma,,3600.030,true
"72",7,5,Linear algebra,73728,0.420,false
"72",7,5,Magma,73728,0.670,false
"72",17,5,Linear algebra,1658880,1.290,false
"72",17,5,Magma,1658880,3.510,false
"72",31,5,Linear algebra,17915904,4.460,false
"72",31,5,Magma,17915904,15.440,false
"72",59,5,Linear algebra,722534400,18.310,false
"60",97,7,Magma,,3600.090,true
"72",59,5,Magma,722534400,110.160,false
"73",2,5,Linear algebra,114,0.250,false
"73",2,5,Magma,114,0.170,false
"73",3,5,Linear algebra,1044,0.210,false
"73",3,5,Magma,1044,0.140,false
"73",7,5,Linear algebra,58806,0.630,false
"73",7,5,Magma,58806,0.800,false
"73",17,5,Linear algebra,1727568,1.560,false
"73",17,5,Magma,1727568,4.690,false
"73",31,5,Linear algebra,25787232,5.210,false
"62",97,7,Magma,,3600.090,true
"73",59,5,Linear algebra,1030233600,2.800,false
"73",31,5,Magma,25787232,35.020,false
"73",97,5,Linear algebra,11415075660,6.260,false
"73",59,5,Magma,1030233600,25.350,false
"74",3,8,Linear algebra,25137,2.220,false
"74",3,8,Magma,25137,4.250,false
"74",7,8,Linear algebra,17950896,1.140,false
"74",7,8,Magma,17950896,2.280,false
"74",17,8,Linear algebra,8169652224,7.910,false
"72",97,5,Linear algebra,6242697216,102.110,false
"74",17,8,Magma,8169652224,13.840,false
"73",97,5,Magma,11415075660,50.570,false
"74",31,8,Linear algebra,857909221632,35.600,false
"66",59,9,Magma,6476709888000000,2892.530,false
"74",31,8,Magma,857909221632,100.350,false
"75",2,5,Linear algebra,160,0.330,false
"75",2,5,Magma,160,0.400,false
"75",7,5,Linear algebra,28160,0.560,false
"75",7,5,Magma,28160,0.660,false
"68",97,7,Magma,57233048076288,2148.550,false
"75",17,5,Linear algebra,1638400,1.840,false
"75",17,5,Magma,1638400,4.620,false
"75",31,5,Linear algebra,40140800,6.830,false
"75",59,5,Linear algebra,1284505600,3.090,false
"75",59,5,Magma,1284505600,14.960,false
"75",31,5,Magma,40140800,21.290,false
"76",3,8,Linear algebra,97200,4.280,false
"75",97,5,Linear algebra,8584704000,12.810,false
"76",3,8,Magma,97200,7.150,false
"76",7,8,Linear algebra,16238475,6.930,false
"76",7,8,Magma,16238475,19.030,false
"76",17,8,Linear algebra,9845600625,35.270,false
"74",59,8,Linear algebra,78107355316224,342.570,false
"75",97,5,Magma,8584704000,241.110,false
"76",31,8,Linear algebra,2708884684800,65.380,false
"70",97,9,Linear algebra,1187013919703040000,1696.700,false
"76",17,8,Magma,9845600625,828.490,false
"72",97,5,Magma,6242697216,1088.750,false
"74",97,8,Linear algebra,6178509409075200,1123.020,false
"70",59,9,Magma,17890364148940800,1846.740,false
"77",2,7,Linear algebra,1800,0.610,false
"77",2,7,Magma,1800,0.850,false
"77",3,7,Linear algebra,4200,1.470,false
"77",3,7,Magma,4200,1.410,false
"77",17,7,Linear algebra,765542400,5.240,false
"77",17,7,Magma,765542400,46.030,false
"66",97,9,Magma,1053894094848000000,3482.000,false
"77",31,7,Linear algebra,15697935000,43.740,false
"77",59,7,Linear algebra,2398595898600,96.390,false
"76",59,8,Linear algebra,81769425447600,808.970,false
"69",97,7,Magma,,3600.060,true
"77",97,7,Linear algebra,105097411742400,246.200,false
"74",59,8,Magma,78107355316224,1808.690,false
"78",7,11,Linear algebra,7169347584,313.350,false
"76",31,8,Magma,2708884684800,2172.580,false
"76",97,8,Linear algebra,9013239360000000,1673.380,false
"71",97,6,Magma,,3600.100,true
"78",7,11,Magma,7169347584,848.860,false
"78",17,11,Linear algebra,39969909374976,991.860,false
"70",97,9,Magma,,3600.030,true
"77",31,7,Magma,15697935000,3456.840,false
"79",2,6,Linear algebra,416,0.370,false
"79",2,6,Magma,416,0.480,false
"79",3,6,Linear algebra,1040,0.550,false
"79",3,6,Magma,1040,0.660,false
"79",7,6,Linear algebra,417456,0.440,false
"79",7,6,Magma,417456,0.870,false
"79",17,6,Linear algebra,22983168,2.590,false
"79",17,6,Magma,22983168,5.040,false
"74",97,8,Magma,,3600.030,true
"79",31,6,Linear algebra,1235306436,7.560,false
"79",31,6,Magma,1235306436,19.820,false
"79",59,6,Linear algebra,44040277008,32.180,false
"79",97,6,Linear algebra,1044663667749,16.110,false
"77",59,7,Magma,,3600.020,true
"80",3,7,Linear algebra,27648,0.640,false
"80",3,7,Magma,27648,0.890,false
"80",7,7,Linear algebra,1244160,1.120,false
"80",7,7,Magma,1244160,1.240,false
"80",17,7,Linear algebra,1358954496,1.970,false
"80",17,7,Magma,1358954496,2.670,false
"80",31,7,Linear algebra,50164531200,7.170,false
"80",31,7,Magma,50164531200,13.600,false
"80",59,7,Linear algebra,1826434842624,69.510,false
"80",59,7,Magma,1826434842624,102.940,false
"79",59,6,Magma,44040277008,379.560,false
"81",2,4,Linear algebra,54,0.060,false
"81",2,4,Magma,54,0.110,false
"81",7,4,Linear algebra,2916,0.180,false
"81",7,4,Magma,2916,0.290,false
"81",17,4,Linear algebra,96228,0.770,false
"81",17,4,Magma,96228,1.960,false
"81",31,4,Linear algebra,746496,3.050,false
"81",31,4,Magma,746496,7.590,false
"81",59,4,Linear algebra,12268800,1.310,false
"81",59,4,Magma,12268800,6.840,false
"81",97,4,Linear algebra,126157824,0.760,false
"81",97,4,Magma,126157824,4.030,false
"82",3,9,Linear algebra,210000,5.740,false
"82",3,9,Magma,210000,10.890,false
"82",7,9,Linear algebra,42453600,6.940,false
"80",97,7,Linear algebra,119327076384768,63.640,false
"82",7,9,Magma,42453600,9.810,false
"82",17,9,Linear algebra,286720000000,20.220,false
"78",31,11,Linear algebra,47574184633565184,2067.310,false
"76",59,8,Magma,,3600.030,true
"80",97,7,Magma,119327076384768,407.760,false
"82",17,9,Magma,286720000000,441.020,false
"77",97,7,Magma,,3600.040,true
"83",2,7,Linear algebra,328,0.530,false
"83",2,7,Magma,328,0.540,false
"83",3,7,Linear algebra,6355,0.300,false
"83",3,7,Magma,6355,0.300,false
"83",7,7,Linear algebra,1204621,0.730,false
"83",7,7,Magma,1204621,2.590,false
"82",31,9,Linear algebra,17442611200000,275.200,false
"83",17,7,Linear algebra,532572001,2.970,false
"83",17,7,Magma,532572001,7.630,false
"83",31,7,Linear algebra,24333576957,14.350,false
"83",31,7,Magma,24333576957,51.800,false
"83",59,7,Linear algebra,3294211624385,58.150,false
"82",59,9,Linear algebra,12622750635622400,446.320,false
"76",97,8,Magma,,3600.050,true
"83",97,7,Linear algebra,85354287371264,234.070,false
"78",59,11,Linear algebra,,3612.680,true
"78",17,11,Magma,,3600.500,true
"84",17,11,Linear algebra,29059882942464,428.180,false
"78",97,11,Linear algebra,,3632.160,true
"82",97,9,Linear algebra,708103725147750400,2681.650,false
"79",97,6,Magma,,3600.090,true
"84",31,11,Linear algebra,43283374739030016,490.670,false
"78",31,11,Magma,,3600.230,true
"82",31,9,Magma,17442611200000,3358.660,false
"83",59,7,Magma,,3600.030,true
"85",2,7,Linear algebra,2688,1.140,false
"85",2,7,Magma,2688,0.930,false
"85",3,7,Linear algebra,6528,1.210,false
"85",3,7,Magma,6528,1.990,false
"85",7,7,Linear algebra,1223040,1.870,false
"85",7,7,Magma,1223040,6.800,false
"82",59,9,Magma,12622750635622400,3441.490,false
"85",31,7,Linear algebra,24049162368,36.730,false
"85",59,7,Linear algebra,4051904643072,100.480,false
"83",97,7,Magma,,3600.120,true
"78",59,11,Magma,,3600.960,true
"86",3,10,Linear algebra,1164240,14.980,false
"86",3,10,Magma,1164240,19.520,false
"86",7,10,Linear algebra,973615104,36.040,false
"86",7,10,Magma,973615104,73.860,false
"86",17,10,Linear algebra,1952910976401,63.800,false
"85",97,7,Linear algebra,80853036171264,682.480,false
"85",31,7,Magma,24049162368,1571.170,false
"84",17,11,Magma,,3600.020,true
"86",31,10,Linear algebra,1002251148215625,213.500,false
"86",17,10,Magma,1952910976401,963.620,false
"78",97,11,Magma,,3600.140,true
"87",2,9,Linear algebra,3920,1.030,false
"87",2,9,Magma,3920,1.580,false
"87",7,9,Linear algebra,76267520,3.370,false
"87",7,9,Magma,76267520,4.550,false
"87",17,9,Linear algebra,143276313600,8.530,false
"87",17,9,Magma,143276313600,50.800,false
"82",97,9,Magma,,3600.040,true
"87",31,9,Linear algebra,19585717370240,55.850,false
"85",59,7,Magma,4051904643072,2557.670,false
"87",59,9,Linear algebra,11708842413936640,220.690,false
"86",59,10,Linear algebra,597024592701014016,1115.740,false
"84",31,11,Magma,,3600.100,true
"88",3,9,Linear algebra,315000,1.330,false
"88",3,9,Magma,315000,2.060,false
"88",7,9,Linear algebra,230400000,3.410,false
"88",7,9,Magma,230400000,3.400,false
"88",17,9,Linear algebra,141557760000,11.340,false
"84",59,11,Linear algebra,,3604.580,true
"88",17,9,Magma,141557760000,61.790,false
"88",31,9,Linear algebra,13948959375000,124.460,false
"84",97,11,Linear algebra,,3613.580,true
"87",31,9,Magma,19585717370240,752.680,false
"88",59,9,Linear algebra,6891502228875000,487.520,false
"87",97,9,Linear algebra,839431291665899520,1258.600,false
"88",31,9,Magma,13948959375000,1738.080,false
"85",97,7,Magma,,3600.040,true
"89",2,7,Linear algebra,352,0.730,false
"89",2,7,Magma,352,0.700,false
"89",3,7,Linear algebra,12430,1.470,false
"89",3,7,Magma,12430,1.920,false
"89",7,7,Linear algebra,497376,2.020,false
"89",7,7,Magma,497376,2.460,false
"89",17,7,Linear algebra,609754860,3.140,false
"89",17,7,Magma,609754860,8.900,false
"89",31,7,Linear algebra,17970106726,15.310,false
"89",31,7,Magma,17970106726,72.550,false
"89",59,7,Linear algebra,2958902161600,68.350,false
"86",31,10,Magma,,3600.110,true
"89",59,7,Magma,2958902161600,325.340,false
"86",97,10,Linear algebra,90466350019861000185,3266.550,false
"90",7,11,Linear algebra,16307453952,4.330,false
"90",7,11,Magma,16307453952,10.050,false
"87",59,9,Magma,11708842413936640,2921.200,false
"90",17,11,Linear algebra,26091926323200,215.830,false
"88",97,9,Linear algebra,1004106861607500000,840.880,false
"89",97,7,Linear algebra,79937171186708,371.220,false
"90",17,11,Magma,26091926323200,571.060,false
"86",59,10,Magma,,3600.020,true
"90",31,11,Linear algebra,19237055439568896,930.360,false
"84",59,11,Magma,,3600.450,true
"91",2,7,Linear algebra,840,0.450,false
"91",2,7,Magma,840,0.480,false
"91",3,7,Linear algebra,21504,0.720,false
"91",3,7,Magma,21504,1.260,false
"91",17,7,Linear algebra,470851584,2.800,false
"91",17,7,Magma,470851584,4.520,false
"91",31,7,Linear algebra,36710709840,11.700,false
"91",31,7,Magma,36710709840,19.230,false
"91",59,7,Linear algebra,1982744924160,74.590,false
"84",97,11,Magma,,3600.120,true
"91",59,7,Magma,1982744924160,93.440,false
"92",3,10,Linear algebra,447216,1.230,false
"92",3,10,Magma,447216,2.130,false
"92",7,10,Linear algebra,883187712,1.850,false
"92",7,10,Magma,883187712,2.890,false
"92",17,10,Linear algebra,1431091200000,23.420,false
"91",97,7,Linear algebra,90319597464096,177.500,false
"92",17,10,Magma,1431091200000,177.320,false
"92",31,10,Linear algebra,907987438955520,76.330,false
"88",59,9,Magma,,3600.010,true
"92",31,10,Magma,907987438955520,305.560,false
"91",97,7,Magma,90319597464096,518.000,false
"93",2,9,Linear algebra,7600,4.100,false
"93",2,9,Magma,7600,2.630,false
"93",7,9,Linear algebra,219488000,8.490,false
"93",7,9,Magma,219488000,13.520,false
"87",97,9,Magma,,3600.030,true
"93",17,9,Linear algebra,110646272000,52.570,false
"89",97,7,Magma,79937171186708,2159.170,false
"93",17,9,Magma,110646272000,438.460,false
"94",3,11,Linear algebra,829472,2.960,false
"94",3,11,Magma,829472,4.030,false
"94",7,11,Linear algebra,2682190816,5.240,false
"94",7,11,Magma,2682190816,7.470,false
"92",59,10,Linear algebra,372190280700395520,744.100,false
"90",59,11,Linear algebra,40503019070029824000,1839.470,false
"94",17,11,Linear algebra,27086467450320,97.490,false
"94",17,11,Magma,27086467450320,302.060,false
"93",59,9,Linear algebra,6905599364210400,1066.110,false
"94",31,11,Linear algebra,45672874701561856,177.740,false
"86",97,10,Magma,,3600.040,true
"88",97,9,Magma,,3600.030,true
"94",31,11,Magma,45672874701561856,970.150,false
"95",2,9,Linear algebra,5940,11.340,false
"95",2,9,Magma,5940,16.430,false
"95",3,9,Linear algebra,43200,11.290,false
"95",3,9,Magma,43200,11.560,false
"95",7,9,Linear algebra,46656000,22.890,false
"95",7,9,Magma,46656000,206.640,false
"95",17,9,Linear algebra,146543523840,76.370,false
"90",97,11,Linear algebra,,3606.890,true
"90",31,11,Magma,,3600.050,true
"95",31,9,Linear algebra,30010333593600,306.890,false
"94",59,11,Linear algebra,26811794732393175552,1857.540,false
"93",97,9,Linear algebra,854205045165929600,3089.120,false
"92",97,10,Linear algebra,,3605.170,true
"92",59,10,Magma,372190280700395520,3334.760,false
"90",59,11,Magma,,3600.020,true
"93",59,9,Magma,,3600.020,true
"96",7,9,Linear algebra,100663296,1.440,false
"96",7,9,Magma,100663296,3.840,false
"96",17,9,Linear algebra,154618822656,12.770,false
"96",17,9,Magma,154618822656,56.030,false
"95",59,9,Linear algebra,16333626308567040,892.830,false
"96",31,9,Linear algebra,22830435532800,84.480,false
"94",97,11,Linear algebra,,3609.740,true
"96",31,9,Magma,22830435532800,694.700,false
"96",59,9,Linear algebra,9280994829926400,278.610,false
"95",17,9,Magma,,3600.030,true
"90",97,11,Magma,,3600.040,true
"97",2,7,Linear algebra,568,1.030,false
"97",2,7,Magma,568,1.250,false
"97",3,7,Linear algebra,24464,1.320,false
"97",3,7,Magma,24464,2.320,false
"97",7,7,Linear algebra,2529176,1.190,false
"97",7,7,Magma,2529176,4.960,false
"97",17,7,Linear algebra,546550336,7.060,false
"97",17,7,Magma,546550336,145.470,false
"97",31,7,Linear algebra,45558665008,19.700,false
"95",31,9,Magma,,3600.140,true
"97",31,7,Magma,45558665008,244.610,false
"98",3,7,Linear algebra,16128,1.890,false
"98",3,7,Magma,16128,3.330,false
"98",17,7,Linear algebra,360557568,10.070,false
"97",59,7,Linear algebra,1904314389992,199.620,false
"98",17,7,Magma,360557568,202.460,false
"98",31,7,Linear algebra,35375284224,26.820,false
"94",59,11,Magma,,3600.050,true
"93",97,9,Magma,,3600.050,true
"98",59,7,Linear algebra,3046809427200,112.540,false
"92",97,10,Magma,,3600.050,true
"99",2,9,Linear algebra,16000,0.820,false
"99",2,9,Magma,16000,0.600,false
"99",7,9,Linear algebra,64000000,17.230,false
"99",7,9,Magma,64000000,57.690,false
"99",17,9,Linear algebra,262144000000,17.740,false
"98",31,7,Magma,35375284224,618.180,false
"98",97,7,Linear algebra,93708749933568,358.410,false
"99",17,9,Magma,262144000000,242.400,false
"96",97,9,Linear algebra,654594247596441600,1652.410,false
"99",31,9,Linear algebra,19600000000000,244.770,false
"95",97,9,Linear algebra,,3616.460,true
"99",59,9,Linear algebra,8890320158720000,543.150,false
"96",59,9,Magma,9280994829926400,2418.320,false
"95",59,9,Magma,,3600.030,true
"100",3,7,Linear algebra,16200,1.110,false
"100",3,7,Magma,16200,1.250,false
"100",7,7,Linear algebra,1296000,0.850,false
"100",7,7,Magma,1296000,3.040,false
"100",17,7,Linear algebra,685843200,2.900,false
"100",17,7,Magma,685843200,4.350,false
"100",31,7,Linear algebra,37791360000,12.630,false
"100",31,7,Magma,37791360000,25.780,false
"100",59,7,Linear algebra,1433272320000,105.690,false
"100",59,7,Magma,1433272320000,142.710,false
"100",97,7,Linear algebra,84934656000000,379.420,false
"94",97,11,Magma,,3600.060,true
"101",2,8,Linear algebra,600,0.970,false
"101",2,8,Magma,600,0.950,false
"101",3,8,Linear algebra,8400,0.510,false
"101",3,8,Magma,8400,0.770,false
"101",7,8,Linear algebra,10505500,0.860,false
"101",7,8,Magma,10505500,5.050,false
"101",17,8,Linear algebra,11520598125,5.530,false
"101",17,8,Magma,11520598125,9.350,false
"101",31,8,Linear algebra,1010585384000,23.240,false
"101",31,8,Magma,1010585384000,63.740,false
"101",59,8,Linear algebra,150192596297800,118.160,false
"101",59,8,Magma,150192596297800,424.890,false
"100",97,7,Magma,84934656000000,733.700,false
"98",59,7,Magma,3046809427200,2915.030,false
"97",59,7,Magma,,3600.020,true
"101",97,8,Linear algebra,10681125803606400,696.230,false
"102",7,15,Linear algebra,10436770529280,628.950,false
"99",97,9,Linear algebra,991090610012160000,2195.030,false
"98",97,7,Magma,,3600.060,true
"96",97,9,Magma,,3600.030,true
"103",2,8,Linear algebra,323,0.780,false
"103",2,8,Magma,323,0.600,false
"99",31,9,Magma,,3600.060,true
"103",3,8,Linear algebra,34000,2.090,false
"103",7,8,Linear algebra,19918305,3.980,false
"103",3,8,Magma,34000,4.040,false
"103",7,8,Magma,19918305,13.780,false
"103",17,8,Linear algebra,3905119045,16.710,false
"103",31,8,Linear algebra,1629428787536,45.160,false
"95",97,9,Magma,,3600.090,true
"99",59,9,Magma,,3600.020,true
"103",17,8,Magma,3905119045,358.820,false
"104",3,11,Linear algebra,3556224,4.210,false
"104",3,11,Magma,3556224,8.200,false
"104",7,11,Linear algebra,5100958800,3.250,false
"104",7,11,Magma,5100958800,10.680,false
"103",59,8,Linear algebra,116497166884285,324.460,false
"103",31,8,Magma,1629428787536,363.680,false
"104",17,11,Linear algebra,78844451970816,31.420,false
"104",17,11,Magma,78844451970816,260.180,false
"101",97,8,Magma,10681125803606400,1715.920,false
"102",7,15,Magma,10436770529280,2046.890,false
"105",2,13,Linear algebra,1179648,22.190,false
"105",2,13,Magma,1179648,27.430,false
"103",97,8,Linear algebra,7968503225692080,1029.210,false
"104",59,11,Linear algebra,90384435479923200000,654.040,false
"104",31,11,Linear algebra,13990895778004992,1119.210,false
"105",17,13,Linear algebra,36746129571840000,540.100,false
"102",31,15,Linear algebra,,3605.530,true
"102",59,15,Linear algebra,,3612.370,true
"99",97,9,Magma,,3600.030,true
"102",97,15,Linear algebra,,3631.020,true
"103",59,8,Magma,,3600.010,true
"104",97,11,Linear algebra,,3604.660,true
"103",97,8,Magma,,3600.040,true
"104",59,11,Magma,,3600.020,true
"106",3,12,Linear algebra,1490580,15.050,false
"106",3,12,Magma,1490580,17.370,false
"104",31,11,Magma,,3600.110,true
"106",7,12,Linear algebra,56070144000,248.110,false
"105",17,13,Magma,,3600.040,true
"106",17,12,Linear algebra,1461394117535625,548.480,false
"106",7,12,Magma,56070144000,667.240,false
"102",31,15,Magma,,3600.210,true
"102",59,15,Magma,,3601.400,true
"107",2,9,Linear algebra,8162,0.820,false
"107",2,9,Magma,8162,0.670,false
"107",3,9,Linear algebra,63017,3.720,false
"107",3,9,Magma,63017,5.800,false
"107",7,9,Linear algebra,68959360,3.340,false
"107",7,9,Magma,68959360,4.450,false
"107",17,9,Linear algebra,215995350304,9.320,false
"107",17,9,Magma,215995350304,25.070,false
"105",31,13,Linear algebra,,3602.790,true
"107",31,9,Linear algebra,30772630402304,54.780,false
"107",31,9,Magma,30772630402304,161.150,false
"107",59,9,Linear algebra,12422030899133664,246.030,false
"102",97,15,Magma,,3600.280,true
"105",59,13,Linear algebra,,3608.480,true
"104",97,11,Magma,,3600.030,true
"108",7,10,Linear algebra,2066242608,15.460,false
"108",7,10,Magma,2066242608,26.850,false
"107",97,9,Linear algebra,952761028579472704,1095.230,false
"108",17,10,Linear algebra,3570467226624,22.910,false
"108",17,10,Magma,3570467226624,113.200,false
"107",59,9,Magma,12422030899133664,1466.500,false
"108",31,10,Linear algebra,1156831381426176,139.320,false
"105",97,13,Linear algebra,,3620.070,true
"106",31,12,Linear algebra,,3604.520,true
"108",59,10,Linear algebra,557256278016000000,988.960,false
"106",17,12,Magma,,3600.050,true
"106",59,12,Linear algebra,,3610.160,true
"106",97,12,Linear algebra,,3627.830,true
"108",59,10,Magma,557256278016000000,638.420,false
"109",2,8,Linear algebra,4428,0.340,false
"109",2,8,Magma,4428,0.420,false
"109",3,8,Linear algebra,20016,1.160,false
"109",3,8,Magma,20016,0.850,false
"109",7,8,Linear algebra,13293396,3.240,false
"109",7,8,Magma,13293396,6.380,false
"109",17,8,Linear algebra,5911509708,15.560,false
"105",31,13,Magma,,3600.200,true
"109",31,8,Linear algebra,1205919270036,38.430,false
"109",17,8,Magma,5911509708,154.870,false
"109",31,8,Magma,1205919270036,126.110,false
"109",59,8,Linear algebra,120199015884672,249.640,false
"109",97,8,Linear algebra,11300485362074253,798.400,false
"105",59,13,Magma,,3600.790,true
"110",3,15,Linear algebra,345600000,69.200,false
"110",3,15,Magma,345600000,105.060,false
"108",97,10,Linear algebra,100957801426680101904,2181.350,false
"109",59,8,Magma,120199015884672,1180.020,false
"107",97,9,Magma,,3600.030,true
"108",31,10,Magma,,3600.130,true
"110",7,15,Linear algebra,41472000000000,575.090,false
"105",97,13,Magma,,3600.250,true
"106",31,12,Magma,,3600.240,true
"111",2,11,Linear algebra,17100,19.360,false
"111",2,11,Magma,17100,32.250,false
"111",7,11,Linear algebra,6861231360,332.360,false
"106",59,12,Magma,,3601.290,true
"106",97,12,Magma,,3600.160,true
"108",97,10,Magma,100957801426680101904,1823.830,false
"111",7,11,Magma,6861231360,765.100,false
"109",97,8,Magma,,3600.030,true
"112",3,11,Linear algebra,3981312,13.630,false
"112",3,11,Magma,3981312,15.650,false
"112",17,11,Linear algebra,27518828544000,106.160,false
"111",31,11,Linear algebra,60069116282535936,1765.270,false
"110",17,15,Linear algebra,,3601.900,true
"110",31,15,Linear algebra,,3603.950,true
"112",17,11,Magma,27518828544000,885.430,false
"110",59,15,Linear algebra,,3612.200,true
"110",7,15,Magma,,3600.140,true
"110",97,15,Linear algebra,,3631.160,true
"112",31,11,Linear algebra,30582224537518080,454.570,false
"111",17,11,Linear algebra,20812118123520,3491.480,false
"111",59,11,Linear algebra,,3613.690,true
"112",59,11,Linear algebra,42594616097409024000,1706.290,false
"111",97,11,Linear algebra,,3631.470,true
"111",31,11,Magma,,3600.260,true
"110",17,15,Magma,,3600.620,true
"113",2,9,Linear algebra,13776,2.450,false
"113",2,9,Magma,13776,2.600,false
"113",3,9,Linear algebra,127764,2.110,false
"113",3,9,Magma,127764,3.020,false
"113",7,9,Linear algebra,29448832,6.350,false
"113",7,9,Magma,29448832,28.880,false
"113",17,9,Linear algebra,169729257600,23.530,false
"110",31,15,Magma,,3600.240,true
"113",17,9,Magma,169729257600,186.120,false
"113",31,9,Linear algebra,37602827404128,87.790,false
"110",59,15,Magma,,3601.620,true
"110",97,15,Magma,,3600.300,true
"112",31,11,Magma,,3600.070,true
"113",59,9,Linear algebra,6993842703059772,783.030,false
"111",17,11,Magma,,3600.510,true
"111",59,11,Magma,,3601.210,true
"114",7,17,Linear algebra,1379535805440000,1326.790,false
"112",59,11,Magma,,3600.020,true
"111",97,11,Magma,,3600.160,true
"115",2,11,Linear algebra,18392,17.550,false
"115",2,11,Magma,18392,14.080,false
"115",3,11,Linear algebra,3097600,9.610,false
"115",3,11,Magma,3097600,11.030,false
"115",7,11,Linear algebra,4416434176,85.980,false
"113",97,9,Linear algebra,849038336913760000,2171.850,false
"115",7,11,Magma,4416434176,276.710,false
"115",17,11,Linear algebra,28850426880000,450.570,false
"113",31,9,Magma,37602827404128,2976.860,false
"112",97,11,Linear algebra,16527942577815552000000,3498.740,false
"114",17,17,Linear algebra,,3605.330,true
"113",59,9,Magma,,3600.020,true
"115",31,11,Linear algebra,31117201570565440,1420.700,false
"114",31,17,Linear algebra,,3607.560,true
"114",59,17,Linear algebra,,3619.490,true
"114",7,17,Magma,,3600.160,true
"114",97,17,Linear algebra,,3643.250,true
"113",97,9,Magma,,3600.040,true
"116",3,13,Linear algebra,17647350,11.080,false
"116",3,13,Magma,17647350,23.210,false
"116",7,13,Linear algebra,337182720000,57.940,false
"116",7,13,Magma,337182720000,352.910,false
"115",17,11,Magma,,3600.030,true
"112",97,11,Magma,,3600.040,true
"116",17,13,Linear algebra,17912440868044800,512.070,false
"114",17,17,Magma,,3600.530,true
"115",59,11,Linear algebra,,3606.160,true
"115",31,11,Magma,,3600.130,true
"117",2,11,Linear algebra,37632,2.040,false
"117",2,11,Magma,37632,4.670,false
"117",7,11,Linear algebra,10924720128,18.710,false
"117",7,11,Magma,10924720128,46.470,false
"117",17,11,Linear algebra,26092932956160,176.130,false
"114",31,17,Magma,,3600.180,true
"117",17,11,Magma,26092932956160,307.350,false
"117",31,11,Linear algebra,42214747167129600,219.230,false
"114",59,17,Magma,,3600.980,true
"115",97,11,Linear algebra,,3616.610,true
"114",97,17,Magma,,3600.130,true
"118",3,14,Linear algebra,80820100,7.200,false
"118",3,14,Magma,80820100,9.490,false
"118",7,14,Linear algebra,2000768304645,48.820,false
"118",7,14,Magma,2000768304645,135.000,false
"118",17,14,Linear algebra,244541684973977600,434.450,false
"116",31,13,Linear algebra,,3601.440,true
"116",59,13,Linear algebra,,3603.560,true
"116",17,13,Magma,,3600.020,true
"116",97,13,Linear algebra,,3610.460,true
"115",59,11,Magma,,3600.760,true
"117",59,11,Linear algebra,25190122703326543872,3486.640,false
"117",31,11,Magma,,3600.170,true
"119",2,11,Linear algebra,16128,2.620,false
"119",2,11,Magma,16128,4.560,false
"119",3,11,Linear algebra,758016,69.540,false
"117",97,11,Linear algebra,,3606.630,true
"119",3,11,Magma,758016,87.150,false
"115",97,11,Magma,,3600.160,true
"118",17,14,Magma,,3600.010,true
"116",31,13,Magma,,3600.090,true
"120",7,17,Linear algebra,2705210921189376,111.730,false
"116",59,13,Magma,,3600.380,true
"118",31,14,Linear algebra,,3601.580,true
"120",7,17,Magma,2705210921189376,615.530,false
"116",97,13,Magma,,3600.040,true
"118",97,14,Linear algebra,,3608.960,true
"117",59,11,Magma,,3600.310,true
"117",97,11,Magma,,3600.040,true
"121",2,6,Linear algebra,600,0.390,false
"121",2,6,Magma,600,0.450,false
"121",3,6,Linear algebra,2500,0.330,false
"121",3,6,Magma,2500,0.350,false
"121",7,6,Linear algebra,288000,0.960,false
"121",7,6,Magma,288000,2.760,false
"121",17,6,Linear algebra,34444800,3.100,false
"121",17,6,Magma,34444800,19.220,false
"121",31,6,Linear algebra,668312500,13.510,false
"119",31,11,Linear algebra,,3605.060,true
"119",59,11,Linear algebra,,3615.120,true
"121",31,6,Magma,668312500,255.420,false
"121",59,6,Linear algebra,33740850000,54.960,false
"119",97,11,Linear algebra,,3635.990,true
"121",59,6,Magma,33740850000,1035.530,false
"121",97,6,Linear algebra,1155310907625,37.410,false
"120",17,17,Linear algebra,,3607.770,true
"118",31,14,Magma,,3600.060,true
"122",3,14,Linear algebra,48211200,35.060,false
"122",3,14,Magma,48211200,39.720,false
"122",7,14,Linear algebra,1802737693575,148.340,false
"120",31,17,Linear algebra,,3601.970,true
"122",7,14,Magma,1802737693575,437.970,false
"120",59,17,Linear algebra,,3607.270,true
"118",97,14,Magma,,3600.160,true
"121",97,6,Magma,1155310907625,1421.720,false
"120",97,17,Linear algebra,,3617.360,true
"122",17,14,Linear algebra,379402082912563200,973.370,false
"119",31,11,Magma,,3600.270,true
"119",59,11,Magma,,3601.290,true
"123",2,13,Linear algebra,336000,9.360,false
"123",2,13,Magma,336000,5.690,false
"123",7,13,Linear algebra,129058944000,76.850,false
"123",7,13,Magma,129058944000,346.070,false
"123",17,13,Linear algebra,30620190720000000,203.650,false
"119",97,11,Magma,,3600.260,true
"120",17,17,Magma,,3600.350,true
"120",31,17,Magma,,3600.230,true
"120",59,17,Magma,,3600.780,true
"124",3,14,Linear algebra,110592000,4.980,false
"124",3,14,Magma,110592000,9.960,false
"124",7,14,Linear algebra,3200135040000,29.370,false
"122",31,14,Linear algebra,,3603.120,true
"124",7,14,Magma,3200135040000,136.640,false
"122",59,14,Linear algebra,,3606.130,true
"120",97,17,Magma,,3600.350,true
"122",17,14,Magma,,3600.030,true
"122",97,14,Linear algebra,,3615.880,true
"124",17,14,Linear algebra,128959536955392000,1235.560,false
"123",17,13,Magma,,3600.030,true
"125",2,8,Linear algebra,1100,0.930,false
"125",2,8,Magma,1100,1.560,false
"125",3,8,Linear algebra,22475,1.380,false
"125",3,8,Magma,22475,1.740,false
"125",7,8,Linear algebra,9906875,1.420,false
"125",7,8,Magma,9906875,4.830,false
"125",17,8,Linear algebra,9525851600,8.680,false
"125",17,8,Magma,9525851600,10.950,false
"125",31,8,Linear algebra,851006250000,37.530,false
"125",31,8,Magma,851006250000,97.370,false
"123",31,13,Linear algebra,,3600.930,true
"125",59,8,Linear algebra,96571894410000,229.420,false
"123",59,13,Linear algebra,,3603.760,true
"123",97,13,Linear algebra,,3610.330,true
"122",31,14,Magma,,3600.100,true
"125",59,8,Magma,96571894410000,1578.630,false
"122",59,14,Magma,,3600.710,true
"124",59,14,Linear algebra,,3603.400,true
"124",97,14,Linear algebra,,3608.540,true
"125",97,8,Linear algebra,8339201627569600,877.080,false
"122",97,14,Magma,,3600.260,true
"124",17,14,Magma,,3600.020,true
"123",31,13,Magma,,3600.100,true
"127",2,10,Linear algebra,9639,5.810,false
"127",2,10,Magma,9639,3.300,false
"127",3,10,Linear algebra,183120,4.470,false
"127",3,10,Magma,183120,6.150,false
"127",7,10,Linear algebra,1487409840,5.770,false
"127",7,10,Magma,1487409840,7.470,false
"127",17,10,Linear algebra,1578270913653,72.580,false
"123",59,13,Magma,,3600.410,true
"127",17,10,Magma,1578270913653,385.170,false
"127",31,10,Linear algebra,857459411134893,332.810,false
"123",97,13,Magma,,3600.080,true
"127",59,10,Linear algebra,673711122412085520,1051.350,false
"126",17,17,Linear algebra,,3608.570,true
"126",31,17,Linear algebra,,3601.980,true
"124",59,14,Magma,,3600.270,true
"128",3,9,Linear algebra,147456,2.690,false
"128",3,9,Magma,147456,2.560,false
"128",7,9,Linear algebra,75497472,2.980,false
"128",7,9,Magma,75497472,5.710,false
"128",17,9,Linear algebra,167772160000,15.880,false
"124",97,14,Magma,,3600.040,true
"128",31,9,Linear algebra,35184372088832,76.020,false
"128",17,9,Magma,167772160000,291.150,false
"125",97,8,Magma,,3600.050,true
"126",59,17,Linear algebra,,3606.970,true
"128",31,9,Magma,35184372088832,244.650,false
"129",2,13,Linear algebra,323400,50.100,false
"129",2,13,Magma,323400,44.580,false
"126",97,17,Linear algebra,,3618.710,true
"128",59,9,Linear algebra,9010219161600000,535.760,false
"129",7,13,Linear algebra,487889346560,610.430,false
"127",31,10,Magma,,3600.110,true
"127",97,10,Linear algebra,96107231893539306384,3761.270,false
"127",59,10,Magma,,3600.030,true
"126",17,17,Magma,,3600.460,true
"126",31,17,Magma,,3600.160,true
"128",59,9,Magma,9010219161600000,2887.030,false
"129",7,13,Magma,487889346560,2685.160,false
"128",97,9,Linear algebra,,3608.320,true
"126",59,17,Magma,,3600.890,true
"126",97,17,Magma,,3600.170,true
"130",3,17,Linear algebra,5377010688,657.860,false
"130",3,17,Magma,5377010688,1142.580,false
"129",17,13,Linear algebra,,3605.030,true
"127",97,10,Magma,,3600.040,true
"129",31,13,Linear algebra,,3607.340,true
"129",59,13,Linear algebra,,3620.030,true
"129",97,13,Linear algebra,,3652.060,true
"130",7,17,Linear algebra,,3636.720,true
"128",97,9,Magma,,3600.030,true
"131",2,11,Linear algebra,8580,2.260,false
"131",2,11,Magma,8580,2.600,false
"131",3,11,Linear algebra,627575,4.380,false
"131",3,11,Magma,627575,4.930,false
"131",7,11,Linear algebra,3594700395,18.190,false
"131",7,11,Magma,3594700395,37.640,false
"130",17,17,Linear algebra,,3634.590,true
"131",17,11,Linear algebra,42536184570880,84.950,false
"131",17,11,Magma,42536184570880,257.110,false
"130",31,17,Linear algebra,,3637.600,true
"131",31,11,Linear algebra,27351305209779200,364.370,false
"130",59,17,Linear algebra,,3665.110,true
"129",17,13,Magma,,3600.670,true
"130",97,17,Linear algebra,,3730.220,true
"129",31,13,Magma,,3600.360,true
"131",31,11,Magma,27351305209779200,1819.940,false
"129",59,13,Magma,,3601.160,true
"129",97,13,Magma,,3600.160,true
"131",59,11,Linear algebra,36523297511910372085,1126.410,false
"130",7,17,Magma,,3600.180,true
"132",7,19,Linear algebra,71663616000000000,909.750,false
"130",17,17,Magma,,3600.510,true
"130",31,17,Magma,,3600.310,true
"133",2,11,Linear algebra,30780,10.670,false
"133",2,11,Magma,30780,15.400,false
"133",3,11,Linear algebra,2255040,26.480,false
"133",3,11,Magma,2255040,64.460,false
"133",17,11,Linear algebra,76503159890640,322.400,false
"130",59,17,Magma,,3600.510,true
"130",97,17,Magma,,3600.260,true
"131",97,11,Linear algebra,,3740.080,true
"132",17,19,Linear algebra,,3613.000,true
"132",31,19,Linear algebra,,3616.720,true
"131",59,11,Magma,,3600.040,true
"133",31,11,Linear algebra,50208007704641280,1700.820,false
"132",7,19,Magma,,3600.110,true
"132",59,19,Linear algebra,,3624.000,true
"134",3,16,Linear algebra,1681498764,45.220,false
"134",3,16,Magma,1681498764,76.510,false
"132",97,19,Linear algebra,,3643.320,true
"134",7,16,Linear algebra,165328495200000,422.750,false
"133",17,11,Magma,,3600.620,true
"133",59,11,Linear algebra,,3611.860,true
"134",7,16,Magma,165328495200000,1944.740,false
"131",97,11,Magma,,3600.050,true
"132",17,19,Magma,,3600.310,true
"132",31,19,Magma,,3600.380,true
"135",2,13,Linear algebra,311040,12.950,false
"135",2,13,Magma,311040,15.850,false
"133",97,11,Linear algebra,,3628.730,true
"135",7,13,Linear algebra,416222281728,38.330,false
"135",7,13,Magma,416222281728,244.150,false
"133",31,11,Magma,,3600.280,true
"132",59,19,Magma,,3600.860,true
"132",97,19,Magma,,3600.330,true
"134",17,16,Linear algebra,,3602.360,true
"135",17,13,Linear algebra,12979427475456000,1374.070,false
"135",31,13,Linear algebra,58176462597151260672,2185.680,false
"133",59,11,Magma,,3601.310,true
"136",3,15,Linear algebra,477757440,15.220,false
"136",3,15,Magma,477757440,22.410,false
"134",31,16,Linear algebra,,3603.580,true
"136",7,15,Linear algebra,9473611530240,178.230,false
"134",59,16,Linear algebra,,3610.160,true
"134",97,16,Linear algebra,,3624.830,true
"133",97,11,Magma,,3600.240,true
"136",7,15,Magma,9473611530240,1014.240,false
"135",59,13,Linear algebra,,3605.010,true
"135",97,13,Linear algebra,,3613.360,true
"134",17,16,Magma,,3600.300,true
"135",17,13,Magma,,3600.260,true
"137",2,11,Linear algebra,70924,2.220,false
"137",2,11,Magma,70924,3.560,false
"137",3,11,Linear algebra,1421846,3.620,false
"137",3,11,Magma,1421846,7.500,false
"137",7,11,Linear algebra,2134192784,34.900,false
"137",7,11,Magma,2134192784,98.080,false
"137",17,11,Linear algebra,89714454394988,46.860,false
"137",17,11,Magma,89714454394988,731.510,false
"135",31,13,Magma,,3600.110,true
"134",31,16,Magma,,3600.230,true
"137",31,11,Linear algebra,33706540838983906,557.800,false
"134",59,16,Magma,,3601.240,true
"134",97,16,Magma,,3600.180,true
"136",31,15,Linear algebra,,3601.930,true
"136",59,15,Linear algebra,,3605.890,true
"138",7,21,Linear algebra,2206848220397568000,805.980,false
"135",59,13,Magma,,3600.520,true
"135",97,13,Magma,,3600.250,true
"136",97,15,Linear algebra,,3614.890,true
"137",59,11,Linear algebra,35400204031529547008,3004.310,false
"137",97,11,Linear algebra,,3609.360,true
"137",31,11,Magma,,3600.140,true
"136",31,15,Magma,,3600.130,true
"139",2,11,Linear algebra,15088,2.290,false
"139",2,11,Magma,15088,2.360,false
"138",17,21,Linear algebra,,3601.520,true
"139",3,11,Linear algebra,1272544,11.770,false
"139",3,11,Magma,1272544,20.230,false
"139",7,11,Linear algebra,6304367735,82.710,false
"139",7,11,Magma,6304367735,126.320,false
"139",17,11,Linear algebra,63831089981952,121.730,false
"136",59,15,Magma,,3600.810,true
"138",7,21,Magma,,3600.070,true
"138",31,21,Linear algebra,,3603.120,true
"138",59,21,Linear algebra,,3608.540,true
"139",31,11,Linear algebra,39418168444714917,701.780,false
"136",97,15,Magma,,3600.210,true
"139",17,11,Magma,63831089981952,1322.210,false
"137",59,11,Magma,,3600.010,true
"137",97,11,Magma,,3600.030,true
"138",97,21,Linear algebra,,3620.330,true
"139",59,11,Linear algebra,48039686454286250208,2939.460,false
"138",17,21,Magma,,3600.260,true
"138",31,21,Magma,,3600.320,true
"138",59,21,Magma,,3601.390,true
"139",31,11,Magma,,3600.100,true
"139",97,11,Linear algebra,,3611.770,true
"138",97,21,Magma,,3600.280,true
"139",59,11,Magma,,3600.020,true
"139",97,11,Magma,,3600.050,true
