11;2;0;Original;1;0.050
11;2;0;Linear algebra;1;0.120
11;3;1;Original;5;0.050
11;3;1;Linear algebra;5;0.120
11;7;1;Original;10;0.060
11;7;1;Linear algebra;10;0.190
11;17;1;Linear algebra;20;0.070
11;17;1;Original;20;0.120
11;31;1;Linear algebra;25;0.100
11;31;1;Original;25;0.110
11;59;1;Linear algebra;55;0.150
11;59;1;Original;55;0.220
11;97;1;Linear algebra;105;0.160
11;97;1;Original;105;0.420
14;3;1;Original;6;0.040
14;3;1;Linear algebra;6;0.090
14;17;1;Original;12;0.070
14;17;1;Linear algebra;12;0.260
14;31;1;Original;36;0.110
14;31;1;Linear algebra;36;0.130
14;59;1;Linear algebra;66;0.160
14;59;1;Original;66;0.230
14;97;1;Linear algebra;108;0.220
14;97;1;Original;108;0.440
15;2;1;Original;4;0.040
15;2;1;Linear algebra;4;0.110
15;7;1;Original;8;0.050
15;7;1;Linear algebra;8;0.160
15;17;1;Original;16;0.060
15;17;1;Linear algebra;16;0.250
15;31;1;Original;32;0.110
15;31;1;Linear algebra;32;0.190
15;59;1;Linear algebra;64;0.100
15;59;1;Original;64;0.220
15;97;1;Linear algebra;96;0.220
15;97;1;Original;96;0.430
17;2;0;Original;1;0.060
17;2;0;Linear algebra;1;0.140
17;3;1;Original;4;0.040
17;3;1;Linear algebra;4;0.100
17;7;1;Original;4;0.050
17;7;1;Linear algebra;4;0.190
17;31;1;Original;28;0.110
17;31;1;Linear algebra;28;0.120
17;59;1;Linear algebra;72;0.160
17;59;1;Original;72;0.220
17;97;1;Linear algebra;96;0.240
17;97;1;Original;96;0.370
19;2;0;Original;1;0.050
19;2;0;Linear algebra;1;0.120
19;3;1;Original;6;0.040
19;3;1;Linear algebra;6;0.100
19;7;1;Original;9;0.050
19;7;1;Linear algebra;9;0.110
19;17;1;Linear algebra;21;0.050
19;17;1;Original;21;0.090
19;31;1;Original;36;0.090
19;31;1;Linear algebra;36;0.100
19;59;1;Linear algebra;66;0.100
19;59;1;Original;66;0.250
19;97;1;Linear algebra;90;0.240
19;97;1;Original;90;0.480
20;3;1;Original;6;0.050
20;3;1;Linear algebra;6;0.120
20;7;1;Original;6;0.040
20;7;1;Linear algebra;6;0.170
20;17;1;Linear algebra;24;0.090
20;17;1;Original;24;0.120
20;31;1;Original;36;0.120
20;31;1;Linear algebra;36;0.170
20;59;1;Linear algebra;48;0.140
20;59;1;Original;48;0.240
20;97;1;Linear algebra;96;0.250
20;97;1;Original;96;0.510
21;2;1;Original;4;0.040
21;2;1;Linear algebra;4;0.080
21;17;1;Linear algebra;24;0.060
21;17;1;Original;24;0.130
21;31;1;Original;32;0.090
21;31;1;Linear algebra;32;0.150
21;59;1;Linear algebra;48;0.110
21;59;1;Original;48;0.220
21;97;1;Original;80;0.230
21;97;1;Linear algebra;80;0.260
22;3;2;Original;25;0.080
22;3;2;Linear algebra;25;0.190
22;7;2;Original;100;0.130
22;7;2;Linear algebra;100;0.200
22;17;2;Linear algebra;400;0.120
22;17;2;Original;400;0.200
22;31;2;Original;625;0.210
22;59;2;Linear algebra;3025;0.130
22;59;2;Original;3025;0.370
23;2;2;Original;11;0.060
22;97;2;Linear algebra;11025;0.370
23;2;2;Linear algebra;11;0.120
23;3;2;Original;11;0.080
22;31;2;Linear algebra;625;1.410
22;97;2;Original;11025;0.700
23;3;2;Linear algebra;11;0.190
23;7;2;Original;44;0.110
23;7;2;Linear algebra;44;0.180
23;17;2;Original;220;0.110
23;17;2;Linear algebra;220;0.370
23;31;2;Original;979;0.280
23;31;2;Linear algebra;979;0.330
23;59;2;Linear algebra;3344;0.140
23;59;2;Original;3344;0.450
23;97;2;Linear algebra;7524;0.290
23;97;2;Original;7524;0.580
24;7;1;Original;8;0.060
24;7;1;Linear algebra;8;0.190
24;17;1;Original;16;0.080
24;17;1;Linear algebra;16;0.280
24;31;1;Original;24;0.090
24;31;1;Linear algebra;24;0.110
24;59;1;Linear algebra;56;0.150
24;59;1;Original;56;0.220
24;97;1;Linear algebra;96;0.250
24;97;1;Original;96;0.490
26;3;2;Original;21;0.090
26;3;2;Linear algebra;21;0.200
26;7;2;Original;63;0.090
26;7;2;Linear algebra;63;0.220
26;17;2;Linear algebra;441;0.110
26;17;2;Original;441;0.200
26;31;2;Linear algebra;1008;0.130
26;31;2;Original;1008;0.190
26;59;2;Linear algebra;4620;0.210
26;59;2;Original;4620;0.480
26;97;2;Linear algebra;9072;0.250
27;2;1;Original;3;0.030
27;2;1;Linear algebra;3;0.090
26;97;2;Original;9072;0.660
27;7;1;Original;9;0.060
27;7;1;Linear algebra;9;0.120
27;17;1;Original;18;0.070
27;17;1;Linear algebra;18;0.280
27;31;1;Linear algebra;36;0.110
27;31;1;Original;36;0.140
27;59;1;Linear algebra;60;0.210
27;59;1;Original;60;0.230
27;97;1;Linear algebra;117;0.180
28;3;2;Original;36;0.070
27;97;1;Original;117;0.520
28;3;2;Linear algebra;36;0.180
28;17;2;Linear algebra;144;0.250
28;17;2;Original;144;0.330
28;31;2;Linear algebra;1296;0.130
28;31;2;Original;1296;0.270
28;59;2;Linear algebra;4356;0.350
28;59;2;Original;4356;0.380
28;97;2;Linear algebra;11664;0.250
29;2;2;Original;14;0.060
29;2;2;Linear algebra;14;0.150
29;3;2;Original;7;0.050
28;97;2;Original;11664;0.690
29;3;2;Linear algebra;7;0.220
29;7;2;Original;56;0.120
29;7;2;Linear algebra;56;0.200
29;17;2;Linear algebra;392;0.080
29;17;2;Original;392;0.190
29;31;2;Linear algebra;791;0.190
29;31;2;Original;791;0.240
29;59;2;Linear algebra;3332;0.190
29;59;2;Original;3332;0.390
29;97;2;Linear algebra;10332;0.390
30;7;3;Original;768;0.130
30;7;3;Linear algebra;768;0.260
29;97;2;Original;10332;0.840
30;17;3;Linear algebra;3072;0.500
30;31;3;Linear algebra;24576;0.410
30;17;3;Original;3072;0.840
30;31;3;Original;24576;0.630
30;59;3;Linear algebra;245760;0.310
30;59;3;Original;245760;0.830
31;2;2;Original;5;0.060
31;2;2;Linear algebra;5;0.150
30;97;3;Linear algebra;884736;0.480
31;3;2;Original;20;0.100
31;3;2;Linear algebra;20;0.160
30;97;3;Original;884736;0.900
31;7;2;Original;95;0.120
31;7;2;Linear algebra;95;0.220
31;17;2;Original;220;0.160
31;17;2;Linear algebra;220;0.450
31;59;2;Linear algebra;3595;0.220
31;59;2;Original;3595;0.380
31;97;2;Linear algebra;10945;0.280
31;97;2;Original;10945;0.680
32;3;1;Original;4;0.030
32;3;1;Linear algebra;4;0.100
32;7;1;Original;8;0.050
32;7;1;Linear algebra;8;0.170
32;17;1;Original;16;0.070
32;17;1;Linear algebra;16;0.290
32;31;1;Original;32;0.110
32;31;1;Linear algebra;32;0.180
32;59;1;Linear algebra;60;0.140
32;59;1;Original;60;0.230
32;97;1;Linear algebra;80;0.170
32;97;1;Original;80;0.270
33;2;3;Original;50;0.110
33;2;3;Linear algebra;50;0.150
33;7;3;Linear algebra;400;0.160
33;7;3;Original;400;0.270
33;17;3;Linear algebra;8000;0.160
33;17;3;Original;8000;0.240
33;31;3;Linear algebra;25000;0.250
33;31;3;Original;25000;0.470
33;59;3;Linear algebra;193600;0.300
33;59;3;Original;193600;0.720
33;97;3;Linear algebra;1058400;0.540
34;3;3;Original;96;0.130
34;3;3;Linear algebra;96;0.150
33;97;3;Original;1058400;0.960
34;7;3;Linear algebra;192;0.090
34;7;3;Original;192;0.190
34;31;3;Linear algebra;28224;0.230
34;59;3;Linear algebra;311040;0.360
35;2;3;Original;24;0.060
34;31;3;Original;28224;1.130
35;2;3;Linear algebra;24;0.140
35;3;3;Original;48;0.090
35;3;3;Linear algebra;48;0.170
34;97;3;Linear algebra;774144;0.830
35;17;3;Original;6240;0.210
35;17;3;Linear algebra;6240;0.400
35;31;3;Linear algebra;36864;0.280
35;31;3;Original;36864;0.340
35;59;3;Linear algebra;245760;0.300
34;59;3;Original;311040;2.460
35;59;3;Original;245760;0.700
35;97;3;Linear algebra;1029600;0.510
35;97;3;Original;1029600;1.070
34;97;3;Original;774144;3.130
36;7;1;Original;12;0.080
36;7;1;Linear algebra;12;0.110
36;17;1;Original;18;0.060
36;17;1;Linear algebra;18;0.180
36;31;1;Original;36;0.120
36;31;1;Linear algebra;36;0.220
36;59;1;Linear algebra;60;0.140
36;59;1;Original;60;0.220
36;97;1;Linear algebra;84;0.170
36;97;1;Original;84;0.210
37;2;2;Linear algebra;15;0.110
37;2;2;Original;15;0.100
37;3;2;Original;21;0.080
37;3;2;Linear algebra;21;0.210
37;7;2;Original;81;0.110
37;7;2;Linear algebra;81;0.220
37;17;2;Original;216;0.140
37;17;2;Linear algebra;216;0.350
37;31;2;Linear algebra;1296;0.220
37;31;2;Original;1296;0.290
37;59;2;Linear algebra;2496;0.190
37;59;2;Original;2496;0.310
37;97;2;Linear algebra;8460;0.310
37;97;2;Original;8460;0.540
38;3;4;Original;540;0.120
38;3;4;Linear algebra;540;0.260
38;7;4;Original;3645;0.450
38;7;4;Linear algebra;3645;0.570
38;31;4;Linear algebra;1866240;0.590
38;31;4;Original;1866240;0.970
38;17;4;Linear algebra;99225;1.530
39;2;3;Original;28;0.140
39;2;3;Linear algebra;28;0.240
39;7;3;Original;672;0.120
39;7;3;Linear algebra;672;0.180
38;17;4;Original;99225;2.350
38;59;4;Linear algebra;9997020;1.580
39;17;3;Linear algebra;3584;0.460
39;31;3;Linear algebra;36064;0.290
39;17;3;Original;3584;0.680
39;31;3;Original;36064;0.360
39;59;3;Linear algebra;159936;0.300
39;59;3;Original;159936;0.880
40;3;3;Original;144;0.120
39;97;3;Linear algebra;877184;0.620
40;3;3;Linear algebra;144;0.190
38;97;4;Linear algebra;87480000;3.160
40;7;3;Linear algebra;432;0.220
40;7;3;Original;432;0.240
39;97;3;Original;877184;1.310
40;17;3;Linear algebra;9216;0.150
40;17;3;Original;9216;0.240
40;31;3;Linear algebra;51840;0.270
40;31;3;Original;51840;0.500
40;59;3;Linear algebra;147456;0.320
40;59;3;Original;147456;0.770
41;2;3;Original;20;0.070
41;2;3;Linear algebra;20;0.170
40;97;3;Linear algebra;1032192;0.470
41;3;3;Original;50;0.140
41;3;3;Linear algebra;50;0.190
40;97;3;Original;1032192;1.020
41;7;3;Original;190;0.260
41;17;3;Linear algebra;8000;0.170
41;17;3;Original;8000;0.220
41;59;3;Linear algebra;243680;0.210
38;97;4;Original;87480000;7.350
41;59;3;Original;243680;0.650
41;97;3;Linear algebra;878720;0.480
41;97;3;Original;878720;1.070
42;17;5;Linear algebra;1327104;1.340
41;31;3;Linear algebra;18400;2.760
43;3;3;Original;84;0.090
43;3;3;Linear algebra;84;0.220
43;7;3;Linear algebra;784;0.280
43;7;3;Original;784;0.280
43;17;3;Linear algebra;3381;0.710
43;31;3;Linear algebra;40425;0.320
42;17;5;Original;1327104;4.750
43;59;3;Linear algebra;276192;0.710
43;31;3;Original;40425;1.300
44;3;4;Linear algebra;375;0.180
44;3;4;Original;375;0.210
43;17;3;Original;3381;2.010
43;97;3;Linear algebra;891163;1.160
41;31;3;Original;18400;7.180
44;7;4;Original;6000;0.500
44;7;4;Linear algebra;6000;0.490
44;17;4;Linear algebra;96000;1.680
43;59;3;Original;276192;3.990
42;97;5;Linear algebra;8360755200;6.340
45;2;3;Original;32;0.080
42;31;5;Linear algebra;42467328;7.840
45;2;3;Linear algebra;32;0.330
45;7;3;Original;512;0.340
45;7;3;Linear algebra;512;0.400
45;31;3;Linear algebra;32768;0.320
45;17;3;Linear algebra;5120;0.830
44;17;4;Original;96000;4.030
45;59;3;Linear algebra;229376;0.440
44;97;4;Linear algebra;121550625;3.040
45;31;3;Original;32768;1.290
46;3;5;Original;484;0.250
46;3;5;Linear algebra;484;0.280
45;97;3;Linear algebra;884736;0.910
45;59;3;Original;229376;1.460
46;7;5;Linear algebra;23232;0.290
45;17;3;Original;5120;2.600
46;7;5;Original;23232;0.400
44;31;4;Linear algebra;421875;5.490
46;17;5;Linear algebra;968000;0.950
43;97;3;Original;891163;8.600
42;31;5;Original;42467328;12.920
44;31;4;Original;421875;7.100
47;2;4;Original;23;0.130
47;2;4;Linear algebra;23;0.160
47;3;4;Original;161;0.150
47;3;4;Linear algebra;161;0.310
45;97;3;Original;884736;4.200
47;7;4;Linear algebra;1909;0.300
47;7;4;Original;1909;0.340
46;17;5;Original;968000;3.270
47;17;4;Linear algebra;64653;0.600
46;31;5;Linear algebra;30670112;3.370
47;31;4;Original;1308976;0.650
47;31;4;Linear algebra;1308976;0.970
48;7;3;Linear algebra;512;0.260
47;17;4;Original;64653;2.010
48;7;3;Original;512;0.340
44;97;4;Original;121550625;9.930
47;59;4;Linear algebra;11723721;2.050
47;59;4;Original;11723721;2.140
48;17;3;Linear algebra;4096;0.710
48;17;3;Original;4096;1.000
48;31;3;Original;23040;0.640
48;59;3;Linear algebra;200704;0.510
47;97;4;Linear algebra;65865997;3.430
48;59;3;Original;200704;0.940
48;97;3;Linear algebra;884736;0.530
48;97;3;Original;884736;1.420
49;2;1;Original;2;0.050
49;2;1;Linear algebra;2;0.140
49;3;1;Original;4;0.070
49;3;1;Linear algebra;4;0.110
46;31;5;Original;30670112;10.270
49;17;1;Original;18;0.090
49;17;1;Linear algebra;18;0.360
49;31;1;Linear algebra;32;0.150
49;31;1;Original;32;0.150
47;97;4;Original;65865997;9.740
49;59;1;Linear algebra;60;0.230
49;59;1;Original;60;0.290
42;59;5;Linear algebra;562028544;26.900
49;97;1;Linear algebra;98;0.230
49;97;1;Original;98;0.490
50;3;2;Original;15;0.150
50;3;2;Linear algebra;15;0.180
50;7;2;Original;60;0.130
50;7;2;Linear algebra;60;0.230
50;17;2;Original;315;0.210
50;17;2;Linear algebra;315;0.500
46;59;5;Linear algebra;536752128;18.130
50;31;2;Linear algebra;900;0.210
50;31;2;Original;900;0.280
50;59;2;Linear algebra;3600;0.160
50;59;2;Original;3600;0.630
50;97;2;Linear algebra;9600;0.310
51;2;5;Original;384;0.290
51;2;5;Linear algebra;384;0.320
50;97;2;Original;9600;0.890
51;7;5;Linear algebra;12288;0.620
51;7;5;Original;12288;1.130
52;3;5;Linear algebra;1764;0.380
52;3;5;Original;1764;0.420
52;7;5;Linear algebra;39690;0.640
51;59;5;Linear algebra;904753152;2.360
52;7;5;Original;39690;1.000
52;17;5;Linear algebra;2333772;1.860
44;59;4;Linear algebra;9483375;30.950
52;59;5;Linear algebra;1494108000;2.140
51;97;5;Linear algebra;11565268992;5.200
53;2;4;Original;104;0.090
53;2;4;Linear algebra;104;0.200
51;31;5;Linear algebra;25213440;7.520
53;3;4;Original;91;0.250
53;3;4;Linear algebra;91;0.270
52;17;5;Original;2333772;5.990
53;7;4;Linear algebra;3120;0.370
53;7;4;Original;3120;0.420
53;17;4;Linear algebra;154245;0.310
52;31;5;Linear algebra;22353408;7.260
53;17;4;Original;154245;2.450
53;59;4;Linear algebra;12734800;2.270
53;31;4;Linear algebra;910000;4.540
53;97;4;Linear algebra;90949625;3.390
54;7;4;Linear algebra;6561;0.330
54;7;4;Original;6561;0.350
52;59;5;Original;1494108000;15.700
52;97;5;Linear algebra;7900913664;14.650
54;17;4;Linear algebra;104976;1.060
54;17;4;Original;104976;2.780
54;59;4;Linear algebra;12441600;1.260
53;31;4;Original;910000;13.920
54;31;4;Linear algebra;944784;4.310
52;31;5;Original;22353408;21.870
54;97;4;Linear algebra;134165889;1.650
55;2;5;Linear algebra;100;0.210
55;2;5;Original;100;0.290
55;3;5;Linear algebra;800;0.280
55;3;5;Original;800;0.320
55;7;5;Linear algebra;80000;0.720
55;7;5;Original;80000;1.140
54;97;4;Original;134165889;4.830
44;59;4;Original;9483375;55.950
55;17;5;Linear algebra;902400;2.760
54;31;4;Original;944784;12.030
55;17;5;Original;902400;4.070
54;59;4;Original;12441600;10.860
55;31;5;Linear algebra;25600000;7.630
56;3;5;Linear algebra;1728;0.400
56;3;5;Original;1728;0.590
55;97;5;Linear algebra;9670953600;6.690
56;17;5;Linear algebra;829440;1.860
51;31;5;Original;25213440;42.470
56;17;5;Original;829440;5.700
56;59;5;Linear algebra;931487040;2.740
51;97;5;Original;11565268992;48.140
56;31;5;Linear algebra;31352832;7.380
56;97;5;Linear algebra;13101004800;5.280
57;2;5;Linear algebra;450;0.340
57;2;5;Original;450;0.380
57;7;5;Linear algebra;42120;0.730
57;7;5;Original;42120;0.800
53;59;4;Original;12734800;48.980
55;31;5;Original;25600000;30.530
57;17;5;Linear algebra;3016440;2.410
56;31;5;Original;31352832;19.510
42;97;5;Original;8360755200;94.470
57;17;5;Original;3016440;6.360
53;97;4;Original;90949625;51.770
57;59;5;Linear algebra;1279618560;3.190
58;3;6;Linear algebra;1715;2.250
57;31;5;Linear algebra;35458560;8.150
46;97;5;Linear algebra;5208172992;89.730
58;3;6;Original;1715;3.720
58;7;6;Linear algebra;313600;1.570
46;59;5;Original;536752128;93.730
38;59;4;Original;9997020;115.950
58;17;6;Linear algebra;33806080;6.710
58;7;6;Original;313600;8.070
55;59;5;Linear algebra;688441600;51.840
57;59;5;Original;1279618560;24.120
58;17;6;Original;33806080;19.210
57;97;5;Linear algebra;7698240000;25.170
59;2;5;Linear algebra;58;0.210
59;2;5;Original;58;0.220
59;3;5;Original;899;0.230
59;3;5;Linear algebra;899;0.270
59;7;5;Linear algebra;19169;0.320
59;7;5;Original;19169;0.530
59;17;5;Linear algebra;1710304;1.050
59;17;5;Original;1710304;3.050
57;31;5;Original;35458560;35.660
58;31;6;Linear algebra;635066215;24.280
59;31;5;Linear algebra;29851904;3.520
60;7;7;Linear algebra;2654208;0.750
60;7;7;Original;2654208;1.260
59;97;5;Linear algebra;11119325696;5.720
60;17;7;Linear algebra;339738624;5.010
55;97;5;Original;9670953600;73.850
59;97;5;Original;11119325696;10.770
59;31;5;Original;29851904;15.620
56;97;5;Original;13101004800;67.270
51;59;5;Original;904753152;117.620
60;17;7;Original;339738624;17.820
61;2;4;Original;40;0.160
61;2;4;Linear algebra;40;0.290
61;3;4;Linear algebra;120;0.400
61;3;4;Original;120;0.790
61;7;4;Linear algebra;4865;0.620
61;7;4;Original;4865;0.620
61;17;4;Linear algebra;88760;2.020
60;31;7;Linear algebra;24461180928;19.310
61;17;4;Original;88760;3.650
61;31;4;Linear algebra;1040000;0.870
61;31;4;Original;1040000;15.750
58;97;6;Linear algebra;1110202329600;60.020
61;97;4;Linear algebra;93506560;3.160
61;59;4;Linear algebra;6381885;25.530
61;97;4;Original;93506560;9.710
62;3;7;Linear algebra;9600;0.910
62;3;7;Original;9600;1.080
62;7;7;Linear algebra;2599200;0.890
62;7;7;Original;2599200;1.750
60;31;7;Original;24461180928;52.390
62;17;7;Linear algebra;362419200;4.960
62;17;7;Original;362419200;16.670
58;59;6;Linear algebra;42632540160;108.790
60;59;7;Linear algebra;2174327193600;81.010
63;2;5;Linear algebra;192;0.500
63;2;5;Original;192;0.530
63;17;5;Linear algebra;2156544;1.800
63;17;5;Original;2156544;4.680
63;31;5;Linear algebra;42467328;7.660
55;59;5;Original;688441600;173.300
56;59;5;Original;931487040;179.990
63;31;5;Original;42467328;28.590
63;59;5;Linear algebra;589234176;32.240
62;59;7;Linear algebra;4042221451200;84.280
64;3;3;Linear algebra;64;0.110
64;3;3;Original;64;0.120
64;7;3;Original;512;0.340
64;7;3;Linear algebra;512;0.450
64;17;3;Linear algebra;4096;0.730
61;59;4;Original;6381885;119.610
64;31;3;Linear algebra;32768;0.320
64;17;3;Original;4096;2.180
64;31;3;Original;32768;0.720
64;59;3;Linear algebra;216000;0.600
64;97;3;Linear algebra;512000;1.200
64;59;3;Original;216000;3.460
65;2;5;Original;336;0.410
65;2;5;Linear algebra;336;0.490
65;3;5;Linear algebra;504;0.520
65;3;5;Original;504;0.810
65;7;5;Linear algebra;12096;1.100
65;7;5;Original;12096;1.590
65;17;5;Linear algebra;1956864;2.400
65;17;5;Original;1956864;5.580
64;97;3;Original;512000;15.570
65;31;5;Linear algebra;19400472;7.280
62;97;7;Linear algebra;104743187683200;113.010
58;31;6;Original;635066215;220.380
65;31;5;Original;19400472;29.420
65;97;5;Linear algebra;9186508800;6.940
65;59;5;Linear algebra;598112424;34.340
66;7;9;Linear algebra;115200000;12.840
66;17;9;Linear algebra;491520000000;7.830
42;59;5;Original;562028544;368.050
66;7;9;Original;115200000;34.010
66;17;9;Original;491520000000;20.730
52;97;5;Original;7900913664;345.530
65;59;5;Original;598112424;134.450
66;31;9;Linear algebra;19200000000000;100.390
63;59;5;Original;589234176;279.790
67;2;5;Original;209;0.280
67;2;5;Linear algebra;209;0.310
67;3;5;Original;1914;0.410
67;3;5;Linear algebra;1914;0.610
67;7;5;Linear algebra;33550;1.080
67;7;5;Original;33550;1.480
67;17;5;Linear algebra;1438800;4.110
63;97;5;Linear algebra;3612672000;273.330
67;17;5;Original;1438800;10.520
65;97;5;Original;9186508800;210.400
67;31;5;Linear algebra;44777502;10.740
62;59;7;Original;4042221451200;385.520
67;31;5;Original;44777502;53.710
67;97;5;Linear algebra;8645561078;18.850
68;3;7;Linear algebra;13824;0.990
68;3;7;Original;13824;1.650
68;7;7;Linear algebra;718848;1.940
68;7;7;Original;718848;3.300
67;59;5;Linear algebra;647806896;68.760
68;31;7;Linear algebra;30213679104;17.120
58;59;6;Original;42632540160;517.210
68;31;7;Original;30213679104;36.330
46;97;5;Original;5208172992;638.380
60;97;7;Linear algebra;75144747810816;501.940
69;2;7;Linear algebra;968;0.810
69;2;7;Original;968;0.950
67;59;5;Original;647806896;118.200
69;7;7;Linear algebra;851840;1.340
69;7;7;Original;851840;4.660
69;17;7;Linear algebra;355062400;4.850
69;17;7;Original;355062400;22.000
69;31;7;Linear algebra;30486091328;19.740
68;59;7;Linear algebra;3902083891200;69.520
69;31;7;Original;30486091328;68.470
68;59;7;Original;3902083891200;107.460
69;59;7;Linear algebra;2460471754752;71.190
70;3;9;Linear algebra;331776;7.600
70;3;9;Original;331776;13.370
70;17;9;Linear algebra;89712230400;60.760
66;59;9;Linear algebra;6476709888000000;574.310
70;31;9;Linear algebra;42268920643584;113.490
58;97;6;Original;1110202329600;959.350
63;97;5;Original;3612672000;837.980
67;97;5;Original;8645561078;570.220
68;97;7;Linear algebra;57233048076288;582.400
70;31;9;Original;42268920643584;309.060
71;2;6;Linear algebra;315;0.220
71;2;6;Original;315;0.240
71;3;6;Linear algebra;1575;0.330
71;3;6;Original;1575;0.380
71;7;6;Linear algebra;78400;1.050
71;7;6;Original;78400;2.390
71;17;6;Linear algebra;28929600;1.370
71;17;6;Original;28929600;5.110
70;17;9;Original;89712230400;501.860
71;31;6;Linear algebra;847347200;6.370
69;97;7;Linear algebra;53900514505728;546.030
71;59;6;Original;69366122560;9.760
71;59;6;Linear algebra;69366122560;15.890
71;31;6;Original;847347200;24.950
72;7;5;Linear algebra;73728;0.550
72;7;5;Original;73728;1.020
72;17;5;Linear algebra;1658880;2.010
69;59;7;Original;2460471754752;616.480
72;17;5;Original;1658880;5.750
72;31;5;Linear algebra;17915904;9.590
72;31;5;Original;17915904;21.510
72;59;5;Linear algebra;722534400;23.490
70;59;9;Linear algebra;17890364148940800;323.180
71;97;6;Linear algebra;668916158400;126.490
73;2;5;Original;114;0.400
73;2;5;Linear algebra;114;0.510
73;3;5;Original;1044;0.330
73;3;5;Linear algebra;1044;0.380
73;7;5;Linear algebra;58806;0.790
73;7;5;Original;58806;1.180
73;17;5;Linear algebra;1727568;2.030
73;17;5;Original;1727568;8.780
73;31;5;Linear algebra;25787232;9.970
72;97;5;Linear algebra;6242697216;121.590
72;59;5;Original;722534400;146.410
73;59;5;Linear algebra;1030233600;4.720
73;97;5;Linear algebra;11415075660;8.890
73;31;5;Original;25787232;53.840
74;3;8;Linear algebra;25137;3.670
74;3;8;Original;25137;8.330
57;97;5;Original;7698240000;1392.340
74;7;8;Linear algebra;17950896;1.840
74;7;8;Original;17950896;3.810
73;59;5;Original;1030233600;40.820
74;17;8;Linear algebra;8169652224;13.320
74;17;8;Original;8169652224;26.040
74;31;8;Linear algebra;857909221632;43.260
73;97;5;Original;11415075660;84.750
74;31;8;Original;857909221632;119.530
66;31;9;Original;19200000000000;1294.630
75;2;5;Linear algebra;160;0.400
75;2;5;Original;160;0.620
75;7;5;Linear algebra;28160;0.690
75;7;5;Original;28160;1.210
75;17;5;Linear algebra;1638400;2.790
75;17;5;Original;1638400;8.020
75;31;5;Linear algebra;40140800;11.160
75;31;5;Original;40140800;31.480
75;59;5;Linear algebra;1284505600;4.690
75;59;5;Original;1284505600;21.490
75;97;5;Linear algebra;8584704000;20.800
66;97;9;Linear algebra;1053894094848000000;1312.920
76;3;8;Linear algebra;97200;6.750
76;3;8;Original;97200;9.980
76;7;8;Linear algebra;16238475;8.540
76;7;8;Original;16238475;26.770
76;17;8;Linear algebra;9845600625;43.220
74;59;8;Linear algebra;78107355316224;403.680
75;97;5;Original;8584704000;260.810
76;31;8;Linear algebra;2708884684800;75.310
72;97;5;Original;6242697216;995.140
68;97;7;Original;57233048076288;1850.050
74;97;8;Linear algebra;6178509409075200;950.010
76;17;8;Original;9845600625;873.410
77;2;7;Linear algebra;1800;1.070
77;2;7;Original;1800;1.350
77;3;7;Original;4200;2.050
77;3;7;Linear algebra;4200;2.170
77;17;7;Linear algebra;765542400;8.390
77;17;7;Original;765542400;53.930
77;31;7;Linear algebra;15697935000;66.110
76;59;8;Linear algebra;81769425447600;1026.330
77;59;7;Linear algebra;2398595898600;140.720
70;59;9;Original;17890364148940800;2102.540
62;97;7;Original;104743187683200;3178.530
70;97;9;Linear algebra;1187013919703040000;2348.770
77;97;7;Linear algebra;105097411742400;360.050
74;59;8;Original;78107355316224;2195.790
78;7;11;Linear algebra;7169347584;372.490
76;97;8;Linear algebra;9013239360000000;1726.710
79;2;6;Linear algebra;416;0.570
79;2;6;Original;416;0.830
79;3;6;Linear algebra;1040;1.030
79;3;6;Original;1040;1.130
79;7;6;Linear algebra;417456;0.950
79;7;6;Original;417456;1.650
79;17;6;Linear algebra;22983168;3.770
79;17;6;Original;22983168;8.690
79;31;6;Linear algebra;1235306436;11.850
79;31;6;Original;1235306436;34.610
79;59;6;Linear algebra;44040277008;49.780
79;97;6;Linear algebra;1044663667749;32.120
80;3;7;Linear algebra;27648;0.780
80;3;7;Original;27648;1.230
80;7;7;Linear algebra;1244160;1.960
80;7;7;Original;1244160;1.980
80;17;7;Linear algebra;1358954496;2.680
80;17;7;Original;1358954496;3.940
80;31;7;Linear algebra;50164531200;12.580
80;31;7;Original;50164531200;23.250
78;17;11;Linear algebra;39969909374976;984.190
80;59;7;Linear algebra;1826434842624;122.140
80;59;7;Original;1826434842624;176.350
78;7;11;Original;7169347584;1231.130
81;2;4;Original;54;0.160
81;2;4;Linear algebra;54;0.170
81;7;4;Linear algebra;2916;0.280
81;7;4;Original;2916;0.530
81;17;4;Linear algebra;96228;1.070
81;17;4;Original;96228;3.000
81;31;4;Linear algebra;746496;4.130
81;31;4;Original;746496;10.010
81;59;4;Linear algebra;12268800;1.750
81;97;4;Linear algebra;126157824;1.190
80;97;7;Linear algebra;119327076384768;83.010
81;97;4;Original;126157824;6.560
81;59;4;Original;12268800;10.130
82;3;9;Linear algebra;210000;8.120
82;7;9;Linear algebra;42453600;10.180
82;3;9;Original;210000;15.160
82;7;9;Original;42453600;14.380
82;17;9;Linear algebra;286720000000;26.280
79;59;6;Original;44040277008;609.760
76;31;8;Original;2708884684800;3055.390
80;97;7;Original;119327076384768;436.990
83;2;7;Original;328;0.830
83;2;7;Linear algebra;328;0.890
83;3;7;Linear algebra;6355;0.700
83;3;7;Original;6355;0.780
83;7;7;Linear algebra;1204621;0.970
83;7;7;Original;1204621;3.150
83;17;7;Linear algebra;532572001;4.230
83;17;7;Original;532572001;10.560
83;31;7;Linear algebra;24333576957;19.450
82;31;9;Linear algebra;17442611200000;381.610
83;31;7;Original;24333576957;65.420
83;59;7;Linear algebra;3294211624385;55.060
82;17;9;Original;286720000000;535.850
82;59;9;Linear algebra;12622750635622400;497.490
83;97;7;Linear algebra;85354287371264;229.640
83;59;7;Original;3294211624385;364.780
84;17;11;Linear algebra;29059882942464;475.530
77;31;7;Original;15697935000;3187.660
84;31;11;Linear algebra;43283374739030016;655.100
85;2;7;Linear algebra;2688;1.390
85;2;7;Original;2688;1.450
85;3;7;Linear algebra;6528;2.040
85;3;7;Original;6528;3.110
85;7;7;Linear algebra;1223040;2.600
85;7;7;Original;1223040;9.910
85;31;7;Linear algebra;24049162368;48.380
78;31;11;Linear algebra;47574184633565184;2498.730
85;59;7;Linear algebra;4051904643072;146.570
86;3;10;Original;1164240;22.850
86;3;10;Linear algebra;1164240;27.590
86;7;10;Linear algebra;973615104;40.440
86;7;10;Original;973615104;98.120
86;17;10;Linear algebra;1952910976401;86.220
85;97;7;Linear algebra;80853036171264;930.650
86;31;10;Linear algebra;1002251148215625;264.710
82;97;9;Linear algebra;708103725147750400;2892.270
87;2;9;Linear algebra;3920;1.820
87;2;9;Original;3920;1.850
87;7;9;Linear algebra;76267520;5.230
87;7;9;Original;76267520;6.120
87;17;9;Linear algebra;143276313600;13.720
87;17;9;Original;143276313600;85.900
87;31;9;Linear algebra;19585717370240;79.700
85;31;7;Original;24049162368;1954.890
86;17;10;Original;1952910976401;1206.500
87;59;9;Linear algebra;11708842413936640;263.540
88;3;9;Original;315000;2.120
88;3;9;Linear algebra;315000;2.200
88;7;9;Linear algebra;230400000;4.670
88;7;9;Original;230400000;5.600
88;17;9;Linear algebra;141557760000;16.070
88;17;9;Original;141557760000;89.910
88;31;9;Linear algebra;13948959375000;175.050
87;31;9;Original;19585717370240;1073.850
89;2;7;Original;352;0.960
89;2;7;Linear algebra;352;1.060
89;3;7;Linear algebra;12430;2.010
89;3;7;Original;12430;2.700
86;59;10;Linear algebra;597024592701014016;1541.530
89;7;7;Linear algebra;497376;2.800
89;7;7;Original;497376;3.600
89;17;7;Linear algebra;609754860;4.820
89;17;7;Original;609754860;11.950
89;31;7;Linear algebra;17970106726;23.610
89;31;7;Original;17970106726;90.040
89;59;7;Linear algebra;2958902161600;92.580
88;59;9;Linear algebra;6891502228875000;540.010
90;7;11;Linear algebra;16307453952;5.710
90;7;11;Original;16307453952;17.720
89;59;7;Original;2958902161600;316.640
90;17;11;Linear algebra;26091926323200;231.870
89;97;7;Linear algebra;79937171186708;460.690
87;97;9;Linear algebra;839431291665899520;1492.080
91;2;7;Linear algebra;840;0.700
91;2;7;Original;840;0.870
91;3;7;Linear algebra;21504;1.240
91;3;7;Original;21504;1.970
91;17;7;Original;470851584;5.120
91;17;7;Linear algebra;470851584;5.410
91;31;7;Linear algebra;36710709840;20.930
91;31;7;Original;36710709840;30.080
90;17;11;Original;26091926323200;728.390
91;59;7;Linear algebra;1982744924160;95.470
91;59;7;Original;1982744924160;194.680
92;3;10;Linear algebra;447216;2.140
92;3;10;Original;447216;3.340
92;7;10;Linear algebra;883187712;2.400
92;7;10;Original;883187712;4.570
88;97;9;Linear algebra;1004106861607500000;1357.000
91;97;7;Linear algebra;90319597464096;220.980
92;17;10;Linear algebra;1431091200000;30.870
92;31;10;Linear algebra;907987438955520;102.360
92;17;10;Original;1431091200000;224.770
88;31;9;Original;13948959375000;2108.240
90;31;11;Linear algebra;19237055439568896;1273.680
92;31;10;Original;907987438955520;460.400
93;2;9;Linear algebra;7600;4.630
93;2;9;Original;7600;8.380
93;7;9;Linear algebra;219488000;10.020
93;7;9;Original;219488000;17.850
93;17;9;Linear algebra;110646272000;72.850
89;97;7;Original;79937171186708;1680.290
91;97;7;Original;90319597464096;966.450
92;59;10;Linear algebra;372190280700395520;876.420
94;3;11;Linear algebra;829472;3.450
94;3;11;Original;829472;4.760
94;7;11;Linear algebra;2682190816;6.360
94;7;11;Original;2682190816;12.080
93;17;9;Original;110646272000;523.290
94;17;11;Linear algebra;27086467450320;156.500
94;31;11;Linear algebra;45672874701561856;212.180
94;17;11;Original;27086467450320;397.580
95;2;9;Linear algebra;5940;16.740
95;2;9;Original;5940;17.200
95;3;9;Original;43200;17.950
95;3;9;Linear algebra;43200;23.840
95;7;9;Linear algebra;46656000;24.190
95;7;9;Original;46656000;273.920
90;59;11;Linear algebra;40503019070029824000;2587.790
95;17;9;Linear algebra;146543523840;86.420
93;59;9;Linear algebra;6905599364210400;1371.410
94;31;11;Original;45672874701561856;1019.460
95;31;9;Linear algebra;30010333593600;391.120
96;7;9;Linear algebra;100663296;1.910
96;7;9;Original;100663296;5.650
96;17;9;Linear algebra;154618822656;17.930
96;17;9;Original;154618822656;57.560
96;31;9;Linear algebra;22830435532800;125.410
95;59;9;Linear algebra;16333626308567040;1046.260
96;59;9;Linear algebra;9280994829926400;416.730
97;2;7;Linear algebra;568;1.370
97;2;7;Original;568;1.750
97;3;7;Linear algebra;24464;2.210
97;3;7;Original;24464;3.600
97;7;7;Linear algebra;2529176;1.770
97;7;7;Original;2529176;8.060
97;17;7;Linear algebra;546550336;11.170
97;17;7;Original;546550336;213.910
97;31;7;Linear algebra;45558665008;24.370
96;31;9;Original;22830435532800;818.220
94;59;11;Linear algebra;26811794732393175552;2588.070
98;3;7;Linear algebra;16128;2.990
98;3;7;Original;16128;4.280
98;17;7;Linear algebra;360557568;12.300
97;59;7;Linear algebra;1904314389992;212.840
98;31;7;Linear algebra;35375284224;36.860
97;31;7;Original;45558665008;324.740
98;17;7;Original;360557568;274.300
98;59;7;Linear algebra;3046809427200;183.100
99;2;9;Original;16000;0.990
99;2;9;Linear algebra;16000;1.220
99;7;9;Linear algebra;64000000;21.700
99;7;9;Original;64000000;51.130
99;17;9;Linear algebra;262144000000;23.560
99;31;9;Linear algebra;19600000000000;349.630
98;31;7;Original;35375284224;806.820
99;17;9;Original;262144000000;544.740
100;3;7;Linear algebra;16200;1.240
100;3;7;Original;16200;1.990
100;7;7;Linear algebra;1296000;1.050
100;7;7;Original;1296000;3.330
100;17;7;Linear algebra;685843200;4.500
100;17;7;Original;685843200;5.680
100;31;7;Linear algebra;37791360000;15.120
98;97;7;Linear algebra;93708749933568;799.860
100;31;7;Original;37791360000;36.470
100;59;7;Linear algebra;1433272320000;158.320
96;59;9;Original;9280994829926400;2025.910
100;59;7;Original;1433272320000;183.210
101;2;8;Linear algebra;600;1.100
101;2;8;Original;600;1.130
101;3;8;Linear algebra;8400;0.990
101;3;8;Original;8400;1.160
101;7;8;Linear algebra;10505500;1.480
101;7;8;Original;10505500;8.200
101;17;8;Linear algebra;11520598125;7.350
101;17;8;Original;11520598125;18.710
101;31;8;Linear algebra;1010585384000;35.150
101;31;8;Original;1010585384000;97.950
99;59;9;Linear algebra;8890320158720000;763.000
101;59;8;Linear algebra;150192596297800;164.180
96;97;9;Linear algebra;654594247596441600;2230.690
100;97;7;Linear algebra;84934656000000;289.100
101;59;8;Original;150192596297800;490.270
101;97;8;Linear algebra;10681125803606400;452.270
100;97;7;Original;84934656000000;689.630
103;2;8;Linear algebra;323;0.960
103;2;8;Original;323;1.220
103;3;8;Linear algebra;34000;3.330
103;3;8;Original;34000;5.260
103;7;8;Linear algebra;19918305;5.790
103;7;8;Original;19918305;18.140
103;17;8;Linear algebra;3905119045;19.090
102;7;15;Linear algebra;10436770529280;661.330
103;31;8;Linear algebra;1629428787536;53.830
103;17;8;Original;3905119045;412.920
103;59;8;Linear algebra;116497166884285;362.830
103;31;8;Original;1629428787536;459.080
104;3;11;Linear algebra;3556224;4.880
104;3;11;Original;3556224;9.590
104;7;11;Linear algebra;5100958800;4.560
104;7;11;Original;5100958800;13.650
104;17;11;Linear algebra;78844451970816;46.120
104;17;11;Original;78844451970816;449.820
102;7;15;Original;10436770529280;1975.220
99;97;9;Linear algebra;991090610012160000;2502.390
105;2;13;Linear algebra;1179648;34.930
105;2;13;Original;1179648;36.890
103;97;8;Linear algebra;7968503225692080;1225.770
104;59;11;Linear algebra;90384435479923200000;826.100
105;17;13;Linear algebra;36746129571840000;531.030
104;31;11;Linear algebra;13990895778004992;1621.270
106;3;12;Linear algebra;1490580;23.340
106;3;12;Original;1490580;23.850
106;7;12;Linear algebra;56070144000;274.800
106;7;12;Original;56070144000;625.760
106;17;12;Linear algebra;1461394117535625;541.930
107;2;9;Original;8162;1.020
107;2;9;Linear algebra;8162;1.320
107;3;9;Linear algebra;63017;5.100
107;3;9;Original;63017;6.440
107;7;9;Original;68959360;5.020
107;7;9;Linear algebra;68959360;5.420
107;17;9;Linear algebra;215995350304;12.240
107;17;9;Original;215995350304;32.780
107;31;9;Linear algebra;30772630402304;73.130
107;31;9;Original;30772630402304;320.700
107;59;9;Linear algebra;12422030899133664;335.760
108;7;10;Linear algebra;2066242608;24.120
108;7;10;Original;2066242608;31.350
108;17;10;Linear algebra;3570467226624;33.850
108;17;10;Original;3570467226624;178.950
108;31;10;Linear algebra;1156831381426176;186.140
109;2;8;Linear algebra;4428;0.520
109;2;8;Original;4428;0.570
109;3;8;Linear algebra;20016;1.520
109;3;8;Original;20016;2.540
109;7;8;Linear algebra;13293396;4.690
109;7;8;Original;13293396;10.220
109;17;8;Linear algebra;5911509708;22.500
109;17;8;Original;5911509708;214.550
107;97;9;Linear algebra;952761028579472704;1471.530
109;31;8;Linear algebra;1205919270036;50.830
108;59;10;Original;557256278016000000;853.860
109;31;8;Original;1205919270036;151.970
110;3;15;Linear algebra;345600000;97.260
110;3;15;Original;345600000;156.530
109;59;8;Linear algebra;120199015884672;347.960
108;59;10;Linear algebra;557256278016000000;1363.380
107;59;9;Original;12422030899133664;2320.620
110;7;15;Linear algebra;41472000000000;587.970
109;97;8;Linear algebra;11300485362074253;983.840
111;2;11;Linear algebra;17100;31.180
111;2;11;Original;17100;53.230
111;7;11;Linear algebra;6861231360;391.330
109;59;8;Original;120199015884672;1644.110
108;97;10;Original;100957801426680101904;2244.490
111;7;11;Original;6861231360;795.440
112;3;11;Linear algebra;3981312;22.310
112;3;11;Original;3981312;27.200
112;17;11;Linear algebra;27518828544000;130.610
108;97;10;Linear algebra;100957801426680101904;2678.820
112;31;11;Linear algebra;30582224537518080;574.800
112;17;11;Original;27518828544000;1267.960
113;2;9;Linear algebra;13776;3.460
113;2;9;Original;13776;4.100
113;3;9;Linear algebra;127764;3.320
113;3;9;Original;127764;4.770
113;7;9;Linear algebra;29448832;8.690
113;7;9;Original;29448832;37.100
113;17;9;Linear algebra;169729257600;36.570
111;31;11;Linear algebra;60069116282535936;1980.610
113;17;9;Original;169729257600;274.970
113;31;9;Linear algebra;37602827404128;135.400
111;17;11;Linear algebra;20812118123520;3254.990
113;59;9;Linear algebra;6993842703059772;1109.500
112;59;11;Linear algebra;42594616097409024000;2464.170
114;7;17;Linear algebra;1379535805440000;1326.870
115;2;11;Original;18392;17.160
115;2;11;Linear algebra;18392;20.840
115;3;11;Linear algebra;3097600;13.700
115;3;11;Original;3097600;26.250
115;7;11;Linear algebra;4416434176;114.850
115;7;11;Original;4416434176;366.300
115;17;11;Linear algebra;28850426880000;546.850
116;3;13;Linear algebra;17647350;15.780
116;3;13;Original;17647350;31.930
116;7;13;Linear algebra;337182720000;69.110
113;97;9;Linear algebra;849038336913760000;2942.500
116;7;13;Original;337182720000;541.920
116;17;13;Linear algebra;17912440868044800;544.440
115;31;11;Linear algebra;31117201570565440;1701.870
117;2;11;Original;37632;3.200
117;2;11;Linear algebra;37632;3.390
117;7;11;Linear algebra;10924720128;31.940
117;7;11;Original;10924720128;66.450
117;17;11;Linear algebra;26092932956160;268.240
117;17;11;Original;26092932956160;436.590
117;31;11;Linear algebra;42214747167129600;325.740
118;3;14;Linear algebra;80820100;9.430
118;3;14;Original;80820100;10.590
118;7;14;Linear algebra;2000768304645;64.500
118;7;14;Original;2000768304645;128.390
118;17;14;Linear algebra;244541684973977600;623.220
119;2;11;Linear algebra;16128;4.250
119;2;11;Original;16128;6.460
119;3;11;Linear algebra;758016;65.310
119;3;11;Original;758016;137.770
120;7;17;Linear algebra;2705210921189376;130.850
120;7;17;Original;2705210921189376;1007.640
121;2;6;Original;600;0.910
121;2;6;Linear algebra;600;0.950
121;3;6;Linear algebra;2500;0.470
121;3;6;Original;2500;0.480
121;7;6;Linear algebra;288000;1.190
121;7;6;Original;288000;4.020
121;17;6;Linear algebra;34444800;4.600
121;17;6;Original;34444800;16.890
121;31;6;Linear algebra;668312500;20.370
121;59;6;Linear algebra;33740850000;120.730
121;31;6;Original;668312500;246.670
121;97;6;Linear algebra;1155310907625;53.500
122;3;14;Linear algebra;48211200;55.620
122;3;14;Original;48211200;88.340
122;7;14;Linear algebra;1802737693575;157.250
122;7;14;Original;1802737693575;470.540
123;2;13;Original;336000;9.200
123;2;13;Linear algebra;336000;14.270
123;7;13;Linear algebra;129058944000;99.290
121;59;6;Original;33740850000;1443.740
122;17;14;Linear algebra;379402082912563200;1190.230
123;7;13;Original;129058944000;305.020
123;17;13;Linear algebra;30620190720000000;233.470
121;97;6;Original;1155310907625;1798.350
124;3;14;Linear algebra;110592000;6.790
124;3;14;Original;110592000;13.480
124;7;14;Linear algebra;3200135040000;40.630
124;7;14;Original;3200135040000;156.770
125;2;8;Linear algebra;1100;1.800
125;2;8;Original;1100;2.210
125;3;8;Linear algebra;22475;2.060
125;3;8;Original;22475;2.760
125;7;8;Linear algebra;9906875;1.580
125;7;8;Original;9906875;7.440
125;17;8;Linear algebra;9525851600;11.390
125;17;8;Original;9525851600;25.720
125;31;8;Linear algebra;851006250000;51.740
125;31;8;Original;851006250000;139.580
125;59;8;Linear algebra;96571894410000;366.480
124;17;14;Linear algebra;128959536955392000;2120.360
125;97;8;Linear algebra;8339201627569600;1045.500
127;2;10;Linear algebra;9639;5.260
127;2;10;Original;9639;5.330
127;3;10;Linear algebra;183120;6.040
127;3;10;Original;183120;10.610
127;7;10;Linear algebra;1487409840;8.680
127;7;10;Original;1487409840;11.510
127;17;10;Linear algebra;1578270913653;102.470
125;59;8;Original;96571894410000;1799.410
127;17;10;Original;1578270913653;581.300
128;3;9;Linear algebra;147456;3.360
128;3;9;Original;147456;5.750
128;7;9;Linear algebra;75497472;4.610
128;7;9;Original;75497472;8.730
128;17;9;Linear algebra;167772160000;26.270
128;31;9;Linear algebra;35184372088832;99.440
127;31;10;Linear algebra;857459411134893;437.460
128;31;9;Original;35184372088832;291.810
128;17;9;Original;167772160000;345.820
129;2;13;Original;323400;46.720
129;2;13;Linear algebra;323400;65.210
128;59;9;Linear algebra;9010219161600000;666.290
129;7;13;Linear algebra;487889346560;683.140
127;59;10;Linear algebra;673711122412085520;1451.370
130;3;17;Linear algebra;5377010688;805.480
130;3;17;Original;5377010688;1256.880
131;2;11;Linear algebra;8580;3.630
131;2;11;Original;8580;4.680
131;3;11;Linear algebra;627575;5.980
131;3;11;Original;627575;6.210
131;7;11;Linear algebra;3594700395;25.480
131;7;11;Original;3594700395;43.500
131;17;11;Linear algebra;42536184570880;95.650
128;59;9;Original;9010219161600000;3572.040
131;17;11;Original;42536184570880;349.980
131;31;11;Linear algebra;27351305209779200;496.170
131;59;11;Linear algebra;36523297511910372085;1494.160
132;7;19;Linear algebra;71663616000000000;1008.440
133;2;11;Linear algebra;30780;11.870
133;2;11;Original;30780;21.780
133;3;11;Linear algebra;2255040;32.540
133;3;11;Original;2255040;91.690
133;17;11;Linear algebra;76503159890640;351.350
131;31;11;Original;27351305209779200;2994.550
134;3;16;Linear algebra;1681498764;57.700
134;3;16;Original;1681498764;68.050
134;7;16;Linear algebra;165328495200000;421.740
135;2;13;Original;311040;19.330
135;2;13;Linear algebra;311040;20.630
135;7;13;Linear algebra;416222281728;53.790
133;31;11;Linear algebra;50208007704641280;1893.480
135;7;13;Original;416222281728;334.550
136;3;15;Linear algebra;477757440;23.150
136;3;15;Original;477757440;32.680
134;7;16;Original;165328495200000;2470.070
136;7;15;Linear algebra;9473611530240;234.040
135;17;13;Linear algebra;12979427475456000;1776.160
137;2;11;Linear algebra;70924;3.350
137;2;11;Original;70924;5.520
137;3;11;Linear algebra;1421846;5.580
137;3;11;Original;1421846;10.460
137;7;11;Linear algebra;2134192784;46.000
137;7;11;Original;2134192784;135.220
137;17;11;Linear algebra;89714454394988;71.800
135;31;13;Linear algebra;58176462597151260672;2853.650
137;31;11;Linear algebra;33706540838983906;672.000
137;17;11;Original;89714454394988;1066.000
136;7;15;Original;9473611530240;2725.760
138;7;21;Linear algebra;2206848220397568000;1062.920
139;2;11;Linear algebra;15088;3.380
139;2;11;Original;15088;3.860
139;3;11;Linear algebra;1272544;14.100
139;3;11;Original;1272544;24.760
139;7;11;Linear algebra;6304367735;105.590
139;7;11;Original;6304367735;160.550
139;17;11;Linear algebra;63831089981952;164.830
139;31;11;Linear algebra;39418168444714917;816.840
139;17;11;Original;63831089981952;1416.340
139;59;11;Linear algebra;48039686454286250208;3143.380
