38;5;4;3;Linear algebra;2;18;76;0.030;0.080;0.000;false
61;3;4;3;Linear algebra;2;11;48;0.030;0.080;0.000;false
53;7;4;3;Linear algebra;2;41;384;0.020;0.130;0.000;false
44;5;4;3;Linear algebra;2;30;200;0.040;0.130;0.010;false
61;3;4;3;Hess;2;11;48;0.000;0;0.130;false
38;5;4;3;Hess;2;18;76;0.000;0;0.140;false
44;5;4;3;Hess;2;30;200;0.000;0;0.340;false
53;7;4;3;Hess;2;41;384;0.000;0;0.580;false
86;3;10;5;Linear algebra;3;28;2688;0.100;0.650;0.070;false
82;5;9;5;Linear algebra;3;66;16500;0.190;1.240;0.350;false
93;5;9;5;Linear algebra;3;108;6608;0.240;1.950;0.150;false
84;5;11;5;Linear algebra;3;56;19844;0.300;1.780;0.400;false
76;5;8;5;Linear algebra;4;238;4744;0.710;5.340;0.090;false
86;3;10;5;Hess;3;28;1397;0.000;0;10.000;true
82;5;9;5;Hess;3;66;1378;0.000;0;9.990;true
93;5;9;5;Hess;3;108;1017;0.000;0;9.990;true
84;5;11;5;Hess;3;56;511;0.000;0;10.000;true
99;5;9;5;Linear algebra;4;205;6602;0.470;2.320;0.130;false
76;5;8;5;Hess;4;238;717;0.010;0;10.010;true
109;3;8;4;Linear algebra;3;23;189;0.070;0.220;0.010;false
108;5;10;5;Linear algebra;4;196;9510;0.580;1.280;0.170;false
109;3;8;4;Hess;3;23;189;0.000;0;0.530;false
112;3;11;5;Linear algebra;3;26;2800;0.080;0.300;0.060;false
99;5;9;5;Hess;4;205;1770;0.000;0;9.990;true
113;3;9;5;Linear algebra;3;26;966;0.090;0.490;0.030;false
108;5;10;5;Hess;4;196;2271;0.000;0;9.990;true
112;3;11;5;Hess;3;26;2035;0.000;0;10.000;true
115;3;11;5;Linear algebra;3;26;2464;0.180;0.870;0.050;false
113;3;9;5;Hess;3;26;966;0.000;0;6.300;false
116;3;13;5;Linear algebra;3;33;1176;0.120;0.650;0.020;false
115;3;11;5;Hess;3;26;741;0.000;0;9.990;true
117;5;11;5;Linear algebra;4;280;4688;0.460;1.980;0.110;false
116;3;13;5;Hess;3;33;1124;0.000;0;10.000;true
118;3;14;5;Linear algebra;3;37;1376;0.090;0.500;0.030;false
117;5;11;5;Hess;4;280;2504;0.000;0;10.000;true
118;3;14;5;Hess;3;37;1245;0.000;0;10.000;true
122;3;14;5;Linear algebra;3;23;1096;0.110;0.830;0.020;false
127;3;10;5;Linear algebra;4;50;792;0.190;0.720;0.020;false
127;3;10;5;Hess;4;50;792;0.000;0;3.690;false
128;3;9;5;Linear algebra;4;34;1588;0.100;0.350;0.030;false
122;3;14;5;Hess;3;23;868;0.000;0;10.010;true
128;3;9;5;Hess;4;34;1588;0.000;0;7.420;false
102;5;15;7;Linear algebra;5;992;211296;6.970;42.460;4.910;false
102;5;15;7;Hess;5;992;206;0.000;0;10.040;true
134;3;16;7;Linear algebra;5;94;55784;0.560;4.290;1.200;false
134;3;16;7;Hess;5;94;501;0.000;0;10.020;true
114;5;17;7;Linear algebra;5;858;270096;8.340;56.780;5.910;false
114;5;17;7;Hess;5;858;95;0.000;0;10.020;true
137;3;11;5;Linear algebra;3;26;1036;0.080;0.440;0.030;false
130;3;17;7;Linear algebra;5;104;56568;2.440;29.830;1.280;false
137;3;11;5;Hess;3;26;1036;0.000;0;8.000;false
130;3;17;7;Hess;5;104;26;0.000;0;10.220;true
144;5;13;5;Linear algebra;3;82;24420;0.140;0.750;0.580;false
136;5;15;7;Linear algebra;5;896;737924;3.920;17.490;16.170;false
144;5;13;5;Hess;3;82;2078;0.000;0;9.990;true
147;5;11;5;Linear algebra;3;82;6384;0.830;4.740;0.150;false
136;5;15;7;Hess;5;896;409;0.010;0;10.010;true
147;5;11;5;Hess;3;82;203;0.000;0;10.010;true
132;5;19;7;Linear algebra;5;676;1343892;10.340;31.120;34.440;false
132;5;19;7;Hess;5;676;171;0.010;0;10.040;true
151;5;12;5;Linear algebra;4;224;1740;0.900;3.000;0.040;false
151;5;12;5;Hess;4;224;1740;0.000;0;7.580;false
106;7;12;7;Linear algebra;5;4049;1924560;28.050;118.220;40.660;false
148;5;17;7;Linear algebra;5;852;736164;5.770;18.020;17.060;false
152;3;17;7;Linear algebra;5;80;58528;0.800;4.110;1.380;false
106;7;12;7;Hess;5;4049;289;0.030;0;9.980;true
148;5;17;7;Hess;5;852;414;0.010;0;10.000;true
152;3;17;7;Hess;5;80;391;0.000;0;9.990;true
157;3;12;7;Linear algebra;5;83;12556;1.130;5.110;0.300;false
157;3;12;7;Hess;5;83;243;0.000;0;10.000;true
153;5;15;7;Linear algebra;6;3532;150704;18.260;65.610;3.300;false
153;5;15;7;Hess;6;3532;720;0.040;0;9.980;true
162;5;16;5;Linear algebra;4;229;14958;0.960;5.590;0.320;false
162;5;16;5;Hess;4;229;888;0.000;0;10.010;true
163;3;13;6;Linear algebra;4;47;12922;0.660;5.740;0.290;false
163;3;13;6;Hess;4;47;199;0.000;0;10.010;true
169;5;8;5;Linear algebra;4;212;8156;0.590;2.590;0.160;false
169;5;8;5;Hess;4;212;1874;0.000;0;9.990;true
150;7;19;7;Linear algebra;5;4068;3389012;34.110;118.460;81.290;false
150;7;19;7;Hess;5;4068;229;0.040;0;9.990;true
172;3;20;7;Linear algebra;5;83;70288;1.680;29.610;1.550;false
172;3;20;7;Hess;5;83;33;0.000;0;10.020;true
175;2;15;7;Linear algebra;5;24;1936;0.170;0.890;0.050;false
175;2;15;7;Hess;5;24;629;0.000;0;9.990;true
140;3;19;7;Linear algebra;4;66;202224;2.960;46.460;5.530;false
176;3;19;7;Linear algebra;5;110;66256;0.590;3.970;1.460;false
140;3;19;7;Hess;4;66;61;0.000;0;10.150;true
176;3;19;7;Hess;5;110;471;0.000;0;10.020;true
179;5;15;5;Linear algebra;4;240;5796;0.960;4.300;0.110;false
179;5;15;5;Hess;4;240;2046;0.000;0;9.990;true
154;3;21;7;Linear algebra;5;94;58080;7.070;343.140;1.490;false
154;3;21;7;Hess;5;94;5;0.000;0;11.660;true
181;3;14;5;Linear algebra;3;27;1156;0.240;0.640;0.020;false
181;3;14;5;Hess;3;27;1156;0.000;0;7.610;false
178;3;21;7;Linear algebra;5;105;33510;2.460;42.500;0.790;false
178;3;21;7;Hess;5;105;19;0.000;0;10.470;true
189;2;19;7;Linear algebra;5;28;3172;0.320;3.320;0.070;false
189;2;19;7;Hess;5;28;202;0.010;0;10.000;true
192;5;21;7;Linear algebra;4;276;2611632;1.040;4.530;63.530;false
192;5;21;7;Hess;4;276;905;0.000;0;10.010;true
160;7;17;7;Linear algebra;6;23220;2228280;200.270;338.810;50.630;false
180;7;25;6;Linear algebra;3;276;2568456;2.500;29.360;67.060;false
160;7;17;7;Hess;6;23220;737;0.260;0;9.750;true
180;7;25;6;Hess;3;276;85;0.000;0;10.030;true
187;2;17;7;Linear algebra;5;20;4714;0.910;29.450;0.110;false
187;2;17;7;Hess;5;20;28;0.000;0;10.260;true
193;3;15;7;Linear algebra;5;114;19354;2.110;57.770;0.420;false
193;3;15;7;Hess;5;114;20;0.000;0;10.050;true
197;3;16;7;Linear algebra;6;177;4272;16.230;57.880;0.090;false
200;3;19;7;Linear algebra;5;98;81712;0.780;3.550;1.820;false
197;3;16;7;Hess;6;177;238;0.000;0;10.030;true
200;3;19;7;Hess;5;98;762;0.000;0;10.000;true
217;2;19;7;Linear algebra;5;26;2282;0.500;5.140;0.050;false
217;2;19;7;Hess;5;26;101;0.000;0;10.110;true
201;2;21;7;Linear algebra;5;29;7112;1.300;114.640;0.170;false
201;2;21;7;Hess;5;29;25;0.000;0;23.530;true
233;2;19;7;Linear algebra;5;25;8132;6.860;9.020;0.180;false
233;2;19;7;Hess;5;25;159;0.000;0;10.020;true
241;2;19;7;Linear algebra;5;24;2036;0.850;7.730;0.040;false
241;2;19;7;Hess;5;24;59;0.000;0;9.990;true
196;5;17;7;Linear algebra;6;3597;608058;48.990;623.700;14.020;false
196;5;17;7;Hess;6;3597;86;0.030;0;10.040;true
247;2;21;7;Linear algebra;5;29;2320;2.990;94.310;0.050;false
247;2;21;7;Hess;5;29;7;0.000;0;10.260;true
198;5;29;7;Linear algebra;5;728;538728;43.520;275.820;13.640;false
198;5;29;7;Hess;5;728;9;0.010;0;11.140;true
229;3;18;7;Linear algebra;5;79;22482;1.400;12.370;0.510;false
229;3;18;7;Hess;5;79;122;0.000;0;9.990;true
170;3;23;7;Linear algebra;5;116;81712;12.330;17178.740;1.590;false
170;3;23;7;Hess;5;116;3;0.000;0;17.590;true
